"","CountryName","RequestYear","filename","surveyyr","year.weight"
"1",NA,1981,"AFHR70DT",1990,1
"2",NA,1984,"AFHR70DT",1990,1
"3",NA,1987,"AFHR70DT",1990,1
"4",NA,1990,"AFHR70DT",1990,1
"5",NA,1993,"AFHR70DT",1993,1
"6",NA,1996,"AFHR70DT",1996,1
"7",NA,1999,"AFHR70DT",1999,1
"8",NA,2002,"AFHR70DT",2002,1
"9",NA,2005,"AFHR70DT",2005,1
"10",NA,2008,"AFHR70DT",2008,1
"11",NA,2010,"AFHR70DT",2010,1
"12",NA,2011,"AFHR70DT",2011,1
"13",NA,2012,"AFHR70DT",2012,1
"14",NA,2013,"AFHR70DT",2013,1
"15",NA,2015,"AFHR70DT",2015,1
"16","Afghanistan",2013,"AFHR70DT",2016,1
"17","Afghanistan",1990,"AFHR70DT",2016,1
"18","Afghanistan",2008,"AFHR70DT",2016,1
"19","Afghanistan",1999,"AFHR70DT",2016,1
"20","Afghanistan",2011,"AFHR70DT",2016,1
"21","Afghanistan",1993,"AFHR70DT",2016,1
"22","Afghanistan",2012,"AFHR70DT",2016,1
"23","Afghanistan",2005,"AFHR70DT",2016,1
"24","Afghanistan",2002,"AFHR70DT",2016,1
"25","Afghanistan",2010,"AFHR70DT",2016,1
"26","Afghanistan",1996,"AFHR70DT",2016,1
"27","Afghanistan",1981,"AFHR70DT",2016,1
"28","Afghanistan",1984,"AFHR70DT",2016,1
"29","Afghanistan",2015,"AFHR70DT",2016,1
"30","Afghanistan",1987,"AFHR70DT",2016,1
"31","Albania",1990,"ALHR50DT",2009,1
"32","Albania",1999,"ALHR50DT",2009,1
"33","Albania",2012,"ALHR71DT",2017,0.375
"34","Albania",2015,"ALHR71DT",2017,0.75
"35","Albania",2013,"ALHR71DT",2017,0.5
"36","Albania",2005,"ALHR50DT",2009,1
"37","Albania",1987,"ALHR50DT",2009,1
"38","Albania",2011,"ALHR71DT",2017,0.25
"39","Albania",1996,"ALHR50DT",2009,1
"40","Albania",1984,"ALHR50DT",2009,1
"41","Albania",1993,"ALHR50DT",2009,1
"42","Albania",2008,"ALHR50DT",2009,1
"43","Albania",1981,"ALHR50DT",2009,1
"44","Albania",2002,"ALHR50DT",2009,1
"45","Albania",2010,"ALHR71DT",2017,0.125
"46","Angola",2013,"AOHR71DT",2016,0.4
"47","Angola",1981,"AOHR51DT",2007,1
"48","Angola",2005,"AOHR51DT",2007,1
"49","Angola",1990,"AOHR51DT",2007,1
"50","Angola",2012,"AOHR71DT",2016,0.2
"51","Angola",2002,"AOHR51DT",2007,1
"52","Angola",2010,"AOHR62DT",2011,0.75
"53","Angola",1999,"AOHR51DT",2007,1
"54","Angola",1984,"AOHR51DT",2007,1
"55","Angola",2008,"AOHR62DT",2011,0.25
"56","Angola",1993,"AOHR51DT",2007,1
"57","Angola",2011,"AOHR62DT",2011,1
"58","Angola",2015,"AOHR71DT",2016,0.8
"59","Angola",1987,"AOHR51DT",2007,1
"60","Angola",1996,"AOHR51DT",2007,1
"61","Armenia",1993,"AMHR42DT",2000,1
"62","Armenia",1984,"AMHR42DT",2000,1
"63","Armenia",1996,"AMHR42DT",2000,1
"64","Armenia",1981,"AMHR42DT",2000,1
"65","Armenia",1990,"AMHR42DT",2000,1
"66","Armenia",2011,"AMHR72DT",2016,0.166666666666667
"67","Armenia",2015,"AMHR72DT",2016,0.833333333333333
"68","Armenia",1987,"AMHR42DT",2000,1
"69","Armenia",2005,"AMHR54DT",2005,1
"70","Armenia",2013,"AMHR72DT",2016,0.5
"71","Armenia",1999,"AMHR42DT",2000,1
"72","Armenia",2002,"AMHR54DT",2005,0.4
"73","Armenia",2010,"AMHR61DT",2010,1
"74","Armenia",2012,"AMHR72DT",2016,0.333333333333333
"75","Armenia",2008,"AMHR61DT",2010,0.6
"76","Azerbaijan",2002,"AZHR52DT",2006,1
"77","Azerbaijan",1993,"AZHR52DT",2006,1
"78","Azerbaijan",1999,"AZHR52DT",2006,1
"79","Azerbaijan",1990,"AZHR52DT",2006,1
"80","Azerbaijan",2005,"AZHR52DT",2006,1
"81","Azerbaijan",1984,"AZHR52DT",2006,1
"82","Azerbaijan",1996,"AZHR52DT",2006,1
"83","Azerbaijan",1981,"AZHR52DT",2006,1
"84","Azerbaijan",1987,"AZHR52DT",2006,1
"85","Bangladesh",1987,"BDHR31DT",1994,1
"86","Bangladesh",1990,"BDHR31DT",1994,1
"87","Bangladesh",1993,"BDHR31DT",1994,1
"88","Bangladesh",2005,"BDHR51DT",2007,0.333333333333333
"89","Bangladesh",1981,"BDHR31DT",1994,1
"90","Bangladesh",2013,"BDHR72DT",2014,0.666666666666667
"91","Bangladesh",2008,"BDHR61DT",2011,0.25
"92","Bangladesh",1996,"BDHR3ADT",1997,0.666666666666667
"93","Bangladesh",1999,"BDHR41DT",2000,0.666666666666667
"94","Bangladesh",2002,"BDHR4JDT",2004,0.5
"95","Bangladesh",1984,"BDHR31DT",1994,1
"96","Bangladesh",2011,"BDHR61DT",2011,1
"97","Bangladesh",2012,"BDHR72DT",2014,0.333333333333333
"98","Bangladesh",2010,"BDHR61DT",2011,0.75
"99","Benin",2010,"BJHR61DT",2012,0.666666666666667
"100","Benin",1987,"BJHR31DT",1996,1
"101","Benin",2011,"BJHR61DT",2012,0.833333333333333
"102","Benin",2015,"BJHR71DT",2018,0.5
"103","Benin",1993,"BJHR31DT",1996,1
"104","Benin",1996,"BJHR31DT",1996,1
"105","Benin",1984,"BJHR31DT",1996,1
"106","Benin",1990,"BJHR31DT",1996,1
"107","Benin",2012,"BJHR61DT",2012,1
"108","Benin",2005,"BJHR51DT",2006,0.8
"109","Benin",2013,"BJHR71DT",2018,0.166666666666667
"110","Benin",1981,"BJHR31DT",1996,1
"111","Benin",2008,"BJHR61DT",2012,0.333333333333333
"112","Benin",1999,"BJHR41DT",2001,0.6
"113","Benin",2002,"BJHR51DT",2006,0.2
"114","Bolivia",2005,"BOHR51DT",2008,0.25
"115","Bolivia",1996,"BOHR3BDT",1998,0.5
"116","Bolivia",1990,"BOHR31DT",1994,1
"117","Bolivia",1993,"BOHR31DT",1994,1
"118","Bolivia",2002,"BOHR41DT",2004,0.666666666666667
"119","Bolivia",1999,"BOHR41DT",2004,0.166666666666667
"120","Bolivia",1984,"BOHR31DT",1994,1
"121","Bolivia",2008,"BOHR51DT",2008,1
"122","Bolivia",1981,"BOHR31DT",1994,1
"123","Bolivia",1987,"BOHR31DT",1994,1
"124","Brazil",1993,"BRHR31DT",1996,0.4
"125","Brazil",1990,"BRHR21DT",1991,1
"126","Brazil",1996,"BRHR31DT",1996,1
"127","Brazil",1987,"BRHR21DT",1991,1
"128","Brazil",1984,"BRHR21DT",1991,1
"129","Brazil",1981,"BRHR21DT",1991,1
"130","Burkina Faso",2008,"BFHR62DT",2011,0.625
"131","Burkina Faso",1987,"BFHR21DT",1993,1
"132","Burkina Faso",1990,"BFHR21DT",1993,1
"133","Burkina Faso",2013,"BFHR70DT",2014,0.666666666666667
"134","Burkina Faso",2011,"BFHR62DT",2011,1
"135","Burkina Faso",2005,"BFHR62DT",2011,0.25
"136","Burkina Faso",1999,"BFHR31DT",1999,1
"137","Burkina Faso",2012,"BFHR70DT",2014,0.333333333333333
"138","Burkina Faso",1996,"BFHR31DT",1999,0.5
"139","Burkina Faso",2010,"BFHR62DT",2011,0.875
"140","Burkina Faso",1984,"BFHR21DT",1993,1
"141","Burkina Faso",2002,"BFHR43DT",2003,0.75
"142","Burkina Faso",1993,"BFHR21DT",1993,1
"143","Burkina Faso",1981,"BFHR21DT",1993,1
"144","Burundi",1981,"BUHR61DT",2011,1
"145","Burundi",2013,"BUHR6HDT",2013,1
"146","Burundi",2005,"BUHR61DT",2011,1
"147","Burundi",1987,"BUHR61DT",2011,1
"148","Burundi",2011,"BUHR61DT",2011,1
"149","Burundi",1984,"BUHR61DT",2011,1
"150","Burundi",1999,"BUHR61DT",2011,1
"151","Burundi",2012,"BUHR6HDT",2013,0.5
"152","Burundi",1996,"BUHR61DT",2011,1
"153","Burundi",2008,"BUHR61DT",2011,1
"154","Burundi",2010,"BUHR61DT",2011,1
"155","Burundi",1990,"BUHR61DT",2011,1
"156","Burundi",2015,"BUHR70DT",2017,0.5
"157","Burundi",1993,"BUHR61DT",2011,1
"158","Burundi",2002,"BUHR61DT",2011,1
"159","Cambodia",2013,"KHHR73DT",2014,0.666666666666667
"160","Cambodia",1993,"KHHR42DT",2000,1
"161","Cambodia",2005,"KHHR51DT",2006,0.833333333333333
"162","Cambodia",1987,"KHHR42DT",2000,1
"163","Cambodia",2008,"KHHR61DT",2011,0.4
"164","Cambodia",2002,"KHHR51DT",2006,0.333333333333333
"165","Cambodia",1981,"KHHR42DT",2000,1
"166","Cambodia",1999,"KHHR42DT",2000,1
"167","Cambodia",1984,"KHHR42DT",2000,1
"168","Cambodia",2011,"KHHR61DT",2011,1
"169","Cambodia",2012,"KHHR73DT",2014,0.333333333333333
"170","Cambodia",1990,"KHHR42DT",2000,1
"171","Cambodia",1996,"KHHR42DT",2000,1
"172","Cambodia",2010,"KHHR61DT",2011,0.8
"173","Cameroon",2010,"CMHR61DT",2011,0.857142857142857
"174","Cameroon",2005,"CMHR61DT",2011,0.142857142857143
"175","Cameroon",1993,"CMHR31DT",1998,0.285714285714286
"176","Cameroon",1984,"CMHR22DT",1991,1
"177","Cameroon",2008,"CMHR61DT",2011,0.571428571428571
"178","Cameroon",2011,"CMHR61DT",2011,1
"179","Cameroon",1987,"CMHR22DT",1991,1
"180","Cameroon",1981,"CMHR22DT",1991,1
"181","Cameroon",1999,"CMHR44DT",2004,0.166666666666667
"182","Cameroon",1996,"CMHR31DT",1998,0.714285714285714
"183","Cameroon",2002,"CMHR44DT",2004,0.666666666666667
"184","Cameroon",1990,"CMHR22DT",1991,1
"185","Central African Republic",1990,"CFHR31DT",1995,1
"186","Central African Republic",1984,"CFHR31DT",1995,1
"187","Central African Republic",1987,"CFHR31DT",1995,1
"188","Central African Republic",1993,"CFHR31DT",1995,1
"189","Central African Republic",1981,"CFHR31DT",1995,1
"190","Chad",2013,"TDHR71DT",2015,0.8
"191","Chad",2011,"TDHR71DT",2015,0.6
"192","Chad",1981,"TDHR31DT",1997,1
"193","Chad",1999,"TDHR41DT",2005,0.25
"194","Chad",1996,"TDHR31DT",1997,1
"195","Chad",2002,"TDHR41DT",2005,0.625
"196","Chad",1993,"TDHR31DT",1997,1
"197","Chad",1990,"TDHR31DT",1997,1
"198","Chad",2008,"TDHR71DT",2015,0.3
"199","Chad",2015,"TDHR71DT",2015,1
"200","Chad",2005,"TDHR41DT",2005,1
"201","Chad",2010,"TDHR71DT",2015,0.5
"202","Chad",1987,"TDHR31DT",1997,1
"203","Chad",1984,"TDHR31DT",1997,1
"204","Chad",2012,"TDHR71DT",2015,0.7
"205","Colombia",2012,"COHR72DT",2016,0.333333333333333
"206","Colombia",2015,"COHR72DT",2016,0.833333333333333
"207","Colombia",1981,"COHR22DT",1990,1
"208","Colombia",2011,"COHR72DT",2016,0.166666666666667
"209","Colombia",1996,"COHR41DT",2000,0.2
"210","Colombia",1999,"COHR41DT",2000,0.8
"211","Colombia",2005,"COHR53DT",2005,1
"212","Colombia",2008,"COHR61DT",2010,0.6
"213","Colombia",1993,"COHR31DT",1995,0.6
"214","Colombia",1987,"COHR22DT",1990,1
"215","Colombia",1984,"COHR22DT",1990,1
"216","Colombia",1990,"COHR22DT",1990,1
"217","Colombia",2002,"COHR53DT",2005,0.4
"218","Colombia",2010,"COHR61DT",2010,1
"219","Colombia",2013,"COHR72DT",2016,0.5
"220","Comoros",2011,"KMHR61DT",2012,0.9375
"221","Comoros",1999,"KMHR61DT",2012,0.1875
"222","Comoros",1987,"KMHR32DT",1996,1
"223","Comoros",1981,"KMHR32DT",1996,1
"224","Comoros",2002,"KMHR61DT",2012,0.375
"225","Comoros",1996,"KMHR32DT",1996,1
"226","Comoros",2012,"KMHR61DT",2012,1
"227","Comoros",2005,"KMHR61DT",2012,0.5625
"228","Comoros",1984,"KMHR32DT",1996,1
"229","Comoros",2008,"KMHR61DT",2012,0.75
"230","Comoros",2010,"KMHR61DT",2012,0.875
"231","Comoros",1990,"KMHR32DT",1996,1
"232","Comoros",1993,"KMHR32DT",1996,1
"233","Congo, Republic of",2005,"CGHR51DT",2005,1
"234","Congo, Republic of",1996,"CGHR51DT",2005,1
"235","Congo, Republic of",2008,"CGHR5HDT",2009,0.75
"236","Congo, Republic of",1999,"CGHR51DT",2005,1
"237","Congo, Republic of",1987,"CGHR51DT",2005,1
"238","Congo, Republic of",1981,"CGHR51DT",2005,1
"239","Congo, Republic of",2002,"CGHR51DT",2005,1
"240","Congo, Republic of",1990,"CGHR51DT",2005,1
"241","Congo, Republic of",2012,"CGHR60DT",2012,1
"242","Congo, Republic of",2011,"CGHR60DT",2012,0.666666666666667
"243","Congo, Republic of",2010,"CGHR60DT",2012,0.333333333333333
"244","Congo, Republic of",1984,"CGHR51DT",2005,1
"245","Congo, Republic of",1993,"CGHR51DT",2005,1
"246","Congo, Democratic Republic of",2011,"CDHR61DT",2014,0.571428571428571
"247","Congo, Democratic Republic of",2013,"CDHR61DT",2014,0.857142857142857
"248","Congo, Democratic Republic of",1984,"CDHR50DT",2007,1
"249","Congo, Democratic Republic of",2012,"CDHR61DT",2014,0.714285714285714
"250","Congo, Democratic Republic of",2005,"CDHR50DT",2007,1
"251","Congo, Democratic Republic of",2010,"CDHR61DT",2014,0.428571428571429
"252","Congo, Democratic Republic of",2002,"CDHR50DT",2007,1
"253","Congo, Democratic Republic of",1999,"CDHR50DT",2007,1
"254","Congo, Democratic Republic of",2008,"CDHR61DT",2014,0.142857142857143
"255","Congo, Democratic Republic of",1981,"CDHR50DT",2007,1
"256","Congo, Democratic Republic of",1996,"CDHR50DT",2007,1
"257","Congo, Democratic Republic of",1993,"CDHR50DT",2007,1
"258","Congo, Democratic Republic of",1987,"CDHR50DT",2007,1
"259","Congo, Democratic Republic of",1990,"CDHR50DT",2007,1
"260","Cote d'Ivoire",2010,"CIHR62DT",2012,0.714285714285714
"261","Cote d'Ivoire",2005,"CIHR50DT",2005,1
"262","Cote d'Ivoire",1993,"CIHR35DT",1994,1
"263","Cote d'Ivoire",1984,"CIHR35DT",1994,1
"264","Cote d'Ivoire",2008,"CIHR62DT",2012,0.428571428571429
"265","Cote d'Ivoire",2002,"CIHR50DT",2005,0.5
"266","Cote d'Ivoire",1981,"CIHR35DT",1994,1
"267","Cote d'Ivoire",2012,"CIHR62DT",2012,1
"268","Cote d'Ivoire",1990,"CIHR35DT",1994,1
"269","Cote d'Ivoire",1987,"CIHR35DT",1994,1
"270","Cote d'Ivoire",1996,"CIHR3ADT",1999,0.4
"271","Cote d'Ivoire",2011,"CIHR62DT",2012,0.857142857142857
"272","Cote d'Ivoire",1999,"CIHR3ADT",1999,1
"273","Dominican Republic",1990,"DRHR21DT",1991,1
"274","Dominican Republic",1993,"DRHR32DT",1996,0.4
"275","Dominican Republic",1999,"DRHR41DT",1999,1
"276","Dominican Republic",1981,"DRHR21DT",1991,1
"277","Dominican Republic",2013,"DRHR61DT",2013,1
"278","Dominican Republic",1984,"DRHR21DT",1991,1
"279","Dominican Republic",2002,"DRHR4ADT",2002,1
"280","Dominican Republic",1996,"DRHR32DT",1996,1
"281","Dominican Republic",2012,"DRHR61DT",2013,0.833333333333333
"282","Dominican Republic",2008,"DRHR61DT",2013,0.166666666666667
"283","Dominican Republic",2005,"DRHR52DT",2007,0.6
"284","Dominican Republic",2010,"DRHR61DT",2013,0.5
"285","Dominican Republic",2011,"DRHR61DT",2013,0.666666666666667
"286","Dominican Republic",1987,"DRHR21DT",1991,1
"287","Egypt, Arab Republic of",2005,"EGHR51DT",2005,1
"288","Egypt, Arab Republic of",2012,"EGHR61DT",2014,0.666666666666667
"289","Egypt, Arab Republic of",1984,"EGHR21DT",1993,1
"290","Egypt, Arab Republic of",1981,"EGHR21DT",1993,1
"291","Egypt, Arab Republic of",2011,"EGHR61DT",2014,0.5
"292","Egypt, Arab Republic of",2008,"EGHR5ADT",2008,1
"293","Egypt, Arab Republic of",2002,"EGHR4ADT",2003,0.666666666666667
"294","Egypt, Arab Republic of",2013,"EGHR61DT",2014,0.833333333333333
"295","Egypt, Arab Republic of",1990,"EGHR21DT",1993,1
"296","Egypt, Arab Republic of",1987,"EGHR21DT",1993,1
"297","Egypt, Arab Republic of",1996,"EGHR33DT",1996,1
"298","Egypt, Arab Republic of",1999,"EGHR42DT",2000,0.75
"299","Egypt, Arab Republic of",1993,"EGHR21DT",1993,1
"300","Egypt, Arab Republic of",2010,"EGHR61DT",2014,0.333333333333333
"301","Eswatini",2002,"SZHR51DT",2007,1
"302","Eswatini",1996,"SZHR51DT",2007,1
"303","Eswatini",1993,"SZHR51DT",2007,1
"304","Eswatini",1999,"SZHR51DT",2007,1
"305","Eswatini",2005,"SZHR51DT",2007,1
"306","Eswatini",1981,"SZHR51DT",2007,1
"307","Eswatini",1990,"SZHR51DT",2007,1
"308","Eswatini",1987,"SZHR51DT",2007,1
"309","Eswatini",1984,"SZHR51DT",2007,1
"310","Ethiopia",1999,"ETHR41DT",2000,1
"311","Ethiopia",2010,"ETHR61DT",2011,0.833333333333333
"312","Ethiopia",2008,"ETHR61DT",2011,0.5
"313","Ethiopia",2011,"ETHR61DT",2011,1
"314","Ethiopia",2013,"ETHR70DT",2016,0.4
"315","Ethiopia",2012,"ETHR70DT",2016,0.2
"316","Ethiopia",1987,"ETHR41DT",2000,1
"317","Ethiopia",2002,"ETHR51DT",2005,0.4
"318","Ethiopia",2005,"ETHR51DT",2005,1
"319","Ethiopia",1993,"ETHR41DT",2000,1
"320","Ethiopia",1996,"ETHR41DT",2000,1
"321","Ethiopia",1981,"ETHR41DT",2000,1
"322","Ethiopia",1984,"ETHR41DT",2000,1
"323","Ethiopia",1990,"ETHR41DT",2000,1
"324","Ethiopia",2015,"ETHR70DT",2016,0.8
"325","Gabon",1987,"GAHR41DT",2001,1
"326","Gabon",1993,"GAHR41DT",2001,1
"327","Gabon",1990,"GAHR41DT",2001,1
"328","Gabon",2011,"GAHR60DT",2012,0.909090909090909
"329","Gabon",1981,"GAHR41DT",2001,1
"330","Gabon",2002,"GAHR60DT",2012,0.0909090909090909
"331","Gabon",1984,"GAHR41DT",2001,1
"332","Gabon",2010,"GAHR60DT",2012,0.818181818181818
"333","Gabon",1996,"GAHR41DT",2001,1
"334","Gabon",2008,"GAHR60DT",2012,0.636363636363636
"335","Gabon",1999,"GAHR41DT",2001,1
"336","Gabon",2012,"GAHR60DT",2012,1
"337","Gabon",2005,"GAHR60DT",2012,0.363636363636364
"338","Gambia, The",2002,"GMHR60DT",2013,1
"339","Gambia, The",1981,"GMHR60DT",2013,1
"340","Gambia, The",2008,"GMHR60DT",2013,1
"341","Gambia, The",1987,"GMHR60DT",2013,1
"342","Gambia, The",1999,"GMHR60DT",2013,1
"343","Gambia, The",2010,"GMHR60DT",2013,1
"344","Gambia, The",1990,"GMHR60DT",2013,1
"345","Gambia, The",2013,"GMHR60DT",2013,1
"346","Gambia, The",1996,"GMHR60DT",2013,1
"347","Gambia, The",1993,"GMHR60DT",2013,1
"348","Gambia, The",2005,"GMHR60DT",2013,1
"349","Gambia, The",2012,"GMHR60DT",2013,1
"350","Gambia, The",1984,"GMHR60DT",2013,1
"351","Gambia, The",2011,"GMHR60DT",2013,1
"352","Ghana",1987,"GHHR31DT",1994,1
"353","Ghana",1993,"GHHR31DT",1994,1
"354","Ghana",1990,"GHHR31DT",1994,1
"355","Ghana",2011,"GHHR72DT",2014,0.5
"356","Ghana",2013,"GHHR72DT",2014,0.833333333333333
"357","Ghana",2005,"GHHR5ADT",2008,0.4
"358","Ghana",2012,"GHHR72DT",2014,0.666666666666667
"359","Ghana",1996,"GHHR41DT",1999,0.4
"360","Ghana",2010,"GHHR72DT",2014,0.333333333333333
"361","Ghana",1981,"GHHR31DT",1994,1
"362","Ghana",2002,"GHHR4BDT",2003,0.75
"363","Ghana",2008,"GHHR5ADT",2008,1
"364","Ghana",2015,"GHHR7ADT",2016,0.5
"365","Ghana",1984,"GHHR31DT",1994,1
"366","Ghana",1999,"GHHR41DT",1999,1
"367","Guatemala",1990,"GUHR34DT",1995,1
"368","Guatemala",1999,"GUHR41DT",1999,1
"369","Guatemala",1984,"GUHR34DT",1995,1
"370","Guatemala",1981,"GUHR34DT",1995,1
"371","Guatemala",2008,"GUHR71DT",2015,0.5625
"372","Guatemala",2012,"GUHR71DT",2015,0.8125
"373","Guatemala",2011,"GUHR71DT",2015,0.75
"374","Guatemala",1996,"GUHR41DT",1999,0.25
"375","Guatemala",2013,"GUHR71DT",2015,0.875
"376","Guatemala",1987,"GUHR34DT",1995,1
"377","Guatemala",1993,"GUHR34DT",1995,1
"378","Guatemala",2010,"GUHR71DT",2015,0.6875
"379","Guatemala",2002,"GUHR71DT",2015,0.1875
"380","Guatemala",2005,"GUHR71DT",2015,0.375
"381","Guatemala",2015,"GUHR71DT",2015,1
"382","Guinea",2002,"GNHR52DT",2005,0.5
"383","Guinea",2012,"GNHR62DT",2012,1
"384","Guinea",2010,"GNHR62DT",2012,0.714285714285714
"385","Guinea",1981,"GNHR41DT",1999,1
"386","Guinea",1990,"GNHR41DT",1999,1
"387","Guinea",1996,"GNHR41DT",1999,1
"388","Guinea",1984,"GNHR41DT",1999,1
"389","Guinea",2005,"GNHR52DT",2005,1
"390","Guinea",2011,"GNHR62DT",2012,0.857142857142857
"391","Guinea",2008,"GNHR62DT",2012,0.428571428571429
"392","Guinea",1987,"GNHR41DT",1999,1
"393","Guinea",1999,"GNHR41DT",1999,1
"394","Guinea",1993,"GNHR41DT",1999,1
"395","Guyana",1996,"GYHR51DT",2005,1
"396","Guyana",1990,"GYHR51DT",2005,1
"397","Guyana",1981,"GYHR51DT",2005,1
"398","Guyana",1993,"GYHR51DT",2005,1
"399","Guyana",1999,"GYHR51DT",2005,1
"400","Guyana",2008,"GYHR5IDT",2009,0.75
"401","Guyana",1984,"GYHR51DT",2005,1
"402","Guyana",2002,"GYHR51DT",2005,1
"403","Guyana",2005,"GYHR51DT",2005,1
"404","Guyana",1987,"GYHR51DT",2005,1
"405","Haiti",1990,"HTHR31DT",1995,1
"406","Haiti",2002,"HTHR52DT",2006,0.333333333333333
"407","Haiti",1984,"HTHR31DT",1995,1
"408","Haiti",2011,"HTHR61DT",2012,0.833333333333333
"409","Haiti",1993,"HTHR31DT",1995,1
"410","Haiti",2010,"HTHR61DT",2012,0.666666666666667
"411","Haiti",1987,"HTHR31DT",1995,1
"412","Haiti",1999,"HTHR42DT",2000,0.8
"413","Haiti",2005,"HTHR52DT",2006,0.833333333333333
"414","Haiti",2013,"HTHR70DT",2017,0.2
"415","Haiti",2008,"HTHR61DT",2012,0.333333333333333
"416","Haiti",1981,"HTHR31DT",1995,1
"417","Haiti",2015,"HTHR70DT",2017,0.6
"418","Haiti",1996,"HTHR42DT",2000,0.2
"419","Haiti",2012,"HTHR61DT",2012,1
"420","Honduras",2011,"HNHR62DT",2012,0.833333333333333
"421","Honduras",1981,"HNHR52DT",2006,1
"422","Honduras",1999,"HNHR52DT",2006,1
"423","Honduras",2010,"HNHR62DT",2012,0.666666666666667
"424","Honduras",2005,"HNHR52DT",2006,1
"425","Honduras",2012,"HNHR62DT",2012,1
"426","Honduras",1996,"HNHR52DT",2006,1
"427","Honduras",2002,"HNHR52DT",2006,1
"428","Honduras",1987,"HNHR52DT",2006,1
"429","Honduras",2008,"HNHR62DT",2012,0.333333333333333
"430","Honduras",1990,"HNHR52DT",2006,1
"431","Honduras",1993,"HNHR52DT",2006,1
"432","Honduras",1984,"HNHR52DT",2006,1
"433","India",1999,"IAHR42DT",1999,1
"434","India",2012,"IAHR74DT",2016,0.6
"435","India",2002,"IAHR52DT",2006,0.428571428571429
"436","India",2005,"IAHR52DT",2006,0.857142857142857
"437","India",1990,"IAHR23DT",1993,1
"438","India",2011,"IAHR74DT",2016,0.5
"439","India",1996,"IAHR42DT",1999,0.5
"440","India",2015,"IAHR74DT",2016,0.9
"441","India",1987,"IAHR23DT",1993,1
"442","India",1981,"IAHR23DT",1993,1
"443","India",2008,"IAHR74DT",2016,0.2
"444","India",2013,"IAHR74DT",2016,0.7
"445","India",1993,"IAHR23DT",1993,1
"446","India",1984,"IAHR23DT",1993,1
"447","India",2010,"IAHR74DT",2016,0.4
"448","Indonesia",1996,"IDHR3ADT",1997,0.666666666666667
"449","Indonesia",2013,"IDHR71DT",2017,0.2
"450","Indonesia",2015,"IDHR71DT",2017,0.6
"451","Indonesia",2002,"IDHR42DT",2003,0.833333333333333
"452","Indonesia",1993,"IDHR31DT",1994,0.666666666666667
"453","Indonesia",1987,"IDHR21DT",1991,1
"454","Indonesia",2005,"IDHR51DT",2008,0.4
"455","Indonesia",2012,"IDHR63DT",2012,1
"456","Indonesia",1981,"IDHR21DT",1991,1
"457","Indonesia",1990,"IDHR21DT",1991,1
"458","Indonesia",1984,"IDHR21DT",1991,1
"459","Indonesia",2011,"IDHR63DT",2012,0.75
"460","Indonesia",2008,"IDHR51DT",2008,1
"461","Indonesia",1999,"IDHR42DT",2003,0.333333333333333
"462","Indonesia",2010,"IDHR63DT",2012,0.5
"463","Jordan",2005,"JOHR51DT",2007,0.6
"464","Jordan",1993,"JOHR31DT",1997,0.428571428571429
"465","Jordan",1999,"JOHR42DT",2002,0.4
"466","Jordan",2012,"JOHR6CDT",2012,1
"467","Jordan",2013,"JOHR71DT",2018,0.166666666666667
"468","Jordan",2015,"JOHR71DT",2018,0.5
"469","Jordan",1981,"JOHR21DT",1990,1
"470","Jordan",2002,"JOHR42DT",2002,1
"471","Jordan",1984,"JOHR21DT",1990,1
"472","Jordan",2008,"JOHR61DT",2009,0.5
"473","Jordan",2011,"JOHR6CDT",2012,0.666666666666667
"474","Jordan",1987,"JOHR21DT",1990,1
"475","Jordan",2010,"JOHR6CDT",2012,0.333333333333333
"476","Jordan",1996,"JOHR31DT",1997,0.857142857142857
"477","Jordan",1990,"JOHR21DT",1990,1
"478","Kazakhstan",1984,"KKHR31DT",1995,1
"479","Kazakhstan",1996,"KKHR42DT",1999,0.25
"480","Kazakhstan",1987,"KKHR31DT",1995,1
"481","Kazakhstan",1981,"KKHR31DT",1995,1
"482","Kazakhstan",1993,"KKHR31DT",1995,1
"483","Kazakhstan",1990,"KKHR31DT",1995,1
"484","Kazakhstan",1999,"KKHR42DT",1999,1
"485","Kenya",1987,"KEHR33DT",1993,1
"486","Kenya",1990,"KEHR33DT",1993,1
"487","Kenya",1984,"KEHR33DT",1993,1
"488","Kenya",1996,"KEHR3ADT",1998,0.6
"489","Kenya",2010,"KEHR71DT",2014,0.2
"490","Kenya",2013,"KEHR71DT",2014,0.8
"491","Kenya",1999,"KEHR42DT",2003,0.2
"492","Kenya",2005,"KEHR52DT",2009,0.333333333333333
"493","Kenya",2015,"KEHR7ADT",2015,1
"494","Kenya",1993,"KEHR33DT",1993,1
"495","Kenya",1981,"KEHR33DT",1993,1
"496","Kenya",2002,"KEHR42DT",2003,0.8
"497","Kenya",2012,"KEHR71DT",2014,0.6
"498","Kenya",2011,"KEHR71DT",2014,0.4
"499","Kenya",2008,"KEHR52DT",2009,0.833333333333333
"500","Kyrgyz Republic",2012,"KYHR61DT",2012,1
"501","Kyrgyz Republic",1999,"KYHR61DT",2012,0.133333333333333
"502","Kyrgyz Republic",1984,"KYHR31DT",1997,1
"503","Kyrgyz Republic",2008,"KYHR61DT",2012,0.733333333333333
"504","Kyrgyz Republic",1987,"KYHR31DT",1997,1
"505","Kyrgyz Republic",1996,"KYHR31DT",1997,1
"506","Kyrgyz Republic",1981,"KYHR31DT",1997,1
"507","Kyrgyz Republic",2010,"KYHR61DT",2012,0.866666666666667
"508","Kyrgyz Republic",2011,"KYHR61DT",2012,0.933333333333333
"509","Kyrgyz Republic",2005,"KYHR61DT",2012,0.533333333333333
"510","Kyrgyz Republic",1993,"KYHR31DT",1997,1
"511","Kyrgyz Republic",1990,"KYHR31DT",1997,1
"512","Kyrgyz Republic",2002,"KYHR61DT",2012,0.333333333333333
"513","Lesotho",1984,"LSHR41DT",2005,1
"514","Lesotho",2008,"LSHR61DT",2010,0.6
"515","Lesotho",1987,"LSHR41DT",2005,1
"516","Lesotho",1990,"LSHR41DT",2005,1
"517","Lesotho",2002,"LSHR41DT",2005,1
"518","Lesotho",1999,"LSHR41DT",2005,1
"519","Lesotho",2005,"LSHR41DT",2005,1
"520","Lesotho",2013,"LSHR71DT",2014,0.75
"521","Lesotho",2011,"LSHR71DT",2014,0.25
"522","Lesotho",2010,"LSHR61DT",2010,1
"523","Lesotho",1996,"LSHR41DT",2005,1
"524","Lesotho",1993,"LSHR41DT",2005,1
"525","Lesotho",1981,"LSHR41DT",2005,1
"526","Lesotho",2012,"LSHR71DT",2014,0.5
"527","Liberia",2011,"LBHR61DT",2011,1
"528","Liberia",2010,"LBHR61DT",2011,0.5
"529","Liberia",2005,"LBHR51DT",2007,1
"530","Liberia",1996,"LBHR51DT",2007,1
"531","Liberia",2013,"LBHR6ADT",2013,1
"532","Liberia",2015,"LBHR71DT",2016,0.666666666666667
"533","Liberia",1981,"LBHR51DT",2007,1
"534","Liberia",2012,"LBHR6ADT",2013,0.5
"535","Liberia",1984,"LBHR51DT",2007,1
"536","Liberia",1987,"LBHR51DT",2007,1
"537","Liberia",2002,"LBHR51DT",2007,1
"538","Liberia",2008,"LBHR5ADT",2009,0.5
"539","Liberia",1993,"LBHR51DT",2007,1
"540","Liberia",1990,"LBHR51DT",2007,1
"541","Liberia",1999,"LBHR51DT",2007,1
"542","Madagascar",2002,"MDHR42DT",2004,0.714285714285714
"543","Madagascar",2012,"MDHR6HDT",2013,0.5
"544","Madagascar",1990,"MDHR21DT",1992,1
"545","Madagascar",2013,"MDHR6HDT",2013,1
"546","Madagascar",2005,"MDHR51DT",2009,0.2
"547","Madagascar",2011,"MDHR61DT",2011,1
"548","Madagascar",1999,"MDHR42DT",2004,0.285714285714286
"549","Madagascar",1984,"MDHR21DT",1992,1
"550","Madagascar",1987,"MDHR21DT",1992,1
"551","Madagascar",1996,"MDHR31DT",1997,0.8
"552","Madagascar",2008,"MDHR51DT",2009,0.8
"553","Madagascar",2010,"MDHR61DT",2011,0.5
"554","Madagascar",1993,"MDHR31DT",1997,0.2
"555","Madagascar",2015,"MDHR71DT",2016,0.666666666666667
"556","Madagascar",1981,"MDHR21DT",1992,1
"557","Malawi",1999,"MWHR41DT",2000,0.875
"558","Malawi",1987,"MWHR22DT",1992,1
"559","Malawi",2002,"MWHR4EDT",2005,0.4
"560","Malawi",2008,"MWHR61DT",2010,0.6
"561","Malawi",1996,"MWHR41DT",2000,0.5
"562","Malawi",1993,"MWHR41DT",2000,0.125
"563","Malawi",2015,"MWHR7HDT",2016,0.5
"564","Malawi",1981,"MWHR22DT",1992,1
"565","Malawi",1984,"MWHR22DT",1992,1
"566","Malawi",2005,"MWHR4EDT",2005,1
"567","Malawi",1990,"MWHR22DT",1992,1
"568","Malawi",2013,"MWHR71DT",2014,0.5
"569","Malawi",2012,"MWHR6HDT",2012,1
"570","Malawi",2011,"MWHR6HDT",2012,0.5
"571","Malawi",2010,"MWHR61DT",2010,1
"572","Maldives",2015,"MVHR71DT",2017,0.75
"573","Maldives",1987,"MVHR52DT",2009,1
"574","Maldives",2005,"MVHR52DT",2009,1
"575","Maldives",2008,"MVHR52DT",2009,1
"576","Maldives",1984,"MVHR52DT",2009,1
"577","Maldives",2013,"MVHR71DT",2017,0.5
"578","Maldives",1993,"MVHR52DT",2009,1
"579","Maldives",2011,"MVHR71DT",2017,0.25
"580","Maldives",2012,"MVHR71DT",2017,0.375
"581","Maldives",1990,"MVHR52DT",2009,1
"582","Maldives",1981,"MVHR52DT",2009,1
"583","Maldives",2010,"MVHR71DT",2017,0.125
"584","Maldives",1996,"MVHR52DT",2009,1
"585","Maldives",2002,"MVHR52DT",2009,1
"586","Maldives",1999,"MVHR52DT",2009,1
"587","Mali",2013,"MLHR6ADT",2013,1
"588","Mali",2008,"MLHR6ADT",2013,0.285714285714286
"589","Mali",1990,"MLHR32DT",1996,1
"590","Mali",1999,"MLHR41DT",2001,0.6
"591","Mali",2012,"MLHR6ADT",2013,0.857142857142857
"592","Mali",1993,"MLHR32DT",1996,1
"593","Mali",1987,"MLHR32DT",1996,1
"594","Mali",2015,"MLHR70DT",2015,1
"595","Mali",2010,"MLHR6ADT",2013,0.571428571428571
"596","Mali",2005,"MLHR53DT",2006,0.8
"597","Mali",2002,"MLHR53DT",2006,0.2
"598","Mali",2011,"MLHR6ADT",2013,0.714285714285714
"599","Mali",1996,"MLHR32DT",1996,1
"600","Mali",1984,"MLHR32DT",1996,1
"601","Mali",1981,"MLHR32DT",1996,1
"602","Moldova",1993,"MBHR53DT",2005,1
"603","Moldova",1984,"MBHR53DT",2005,1
"604","Moldova",1996,"MBHR53DT",2005,1
"605","Moldova",1987,"MBHR53DT",2005,1
"606","Moldova",1981,"MBHR53DT",2005,1
"607","Moldova",1999,"MBHR53DT",2005,1
"608","Moldova",1990,"MBHR53DT",2005,1
"609","Moldova",2005,"MBHR53DT",2005,1
"610","Moldova",2002,"MBHR53DT",2005,1
"611","Morocco",1990,"MAHR21DT",1992,1
"612","Morocco",1987,"MAHR21DT",1992,1
"613","Morocco",1981,"MAHR21DT",1992,1
"614","Morocco",1993,"MAHR33DT",1995,0.333333333333333
"615","Morocco",2002,"MAHR43DT",2004,0.777777777777778
"616","Morocco",1999,"MAHR43DT",2004,0.444444444444444
"617","Morocco",1996,"MAHR43DT",2004,0.111111111111111
"618","Morocco",1984,"MAHR21DT",1992,1
"619","Mozambique",2010,"MZHR62DT",2011,0.5
"620","Mozambique",2013,"MZHR71DT",2015,0.5
"621","Mozambique",1981,"MZHR31DT",1997,1
"622","Mozambique",2008,"MZHR51DT",2009,0.8
"623","Mozambique",2002,"MZHR41DT",2004,0.714285714285714
"624","Mozambique",2015,"MZHR71DT",2015,1
"625","Mozambique",1990,"MZHR31DT",1997,1
"626","Mozambique",1984,"MZHR31DT",1997,1
"627","Mozambique",2012,"MZHR71DT",2015,0.25
"628","Mozambique",1996,"MZHR31DT",1997,1
"629","Mozambique",2011,"MZHR62DT",2011,1
"630","Mozambique",1999,"MZHR41DT",2004,0.285714285714286
"631","Mozambique",1987,"MZHR31DT",1997,1
"632","Mozambique",1993,"MZHR31DT",1997,1
"633","Mozambique",2005,"MZHR51DT",2009,0.2
"634","Myanmar",2005,"MMHR71DT",2016,1
"635","Myanmar",1990,"MMHR71DT",2016,1
"636","Myanmar",1993,"MMHR71DT",2016,1
"637","Myanmar",1981,"MMHR71DT",2016,1
"638","Myanmar",2008,"MMHR71DT",2016,1
"639","Myanmar",1999,"MMHR71DT",2016,1
"640","Myanmar",2013,"MMHR71DT",2016,1
"641","Myanmar",2011,"MMHR71DT",2016,1
"642","Myanmar",1996,"MMHR71DT",2016,1
"643","Myanmar",1987,"MMHR71DT",2016,1
"644","Myanmar",1984,"MMHR71DT",2016,1
"645","Myanmar",2012,"MMHR71DT",2016,1
"646","Myanmar",2015,"MMHR71DT",2016,1
"647","Myanmar",2010,"MMHR71DT",2016,1
"648","Myanmar",2002,"MMHR71DT",2016,1
"649","Namibia",1984,"NMHR21DT",1992,1
"650","Namibia",2005,"NMHR51DT",2007,0.714285714285714
"651","Namibia",2011,"NMHR61DT",2013,0.666666666666667
"652","Namibia",2013,"NMHR61DT",2013,1
"653","Namibia",1996,"NMHR41DT",2000,0.5
"654","Namibia",2012,"NMHR61DT",2013,0.833333333333333
"655","Namibia",1993,"NMHR41DT",2000,0.125
"656","Namibia",1987,"NMHR21DT",1992,1
"657","Namibia",1981,"NMHR21DT",1992,1
"658","Namibia",2010,"NMHR61DT",2013,0.5
"659","Namibia",1990,"NMHR21DT",1992,1
"660","Namibia",2002,"NMHR51DT",2007,0.285714285714286
"661","Namibia",1999,"NMHR41DT",2000,0.875
"662","Namibia",2008,"NMHR61DT",2013,0.166666666666667
"663","Nepal",2008,"NPHR60DT",2011,0.4
"664","Nepal",2015,"NPHR7HDT",2017,0.666666666666667
"665","Nepal",2005,"NPHR51DT",2006,0.8
"666","Nepal",2012,"NPHR7HDT",2017,0.166666666666667
"667","Nepal",1987,"NPHR31DT",1996,1
"668","Nepal",2011,"NPHR60DT",2011,1
"669","Nepal",2002,"NPHR51DT",2006,0.2
"670","Nepal",1999,"NPHR41DT",2001,0.6
"671","Nepal",1996,"NPHR31DT",1996,1
"672","Nepal",1984,"NPHR31DT",1996,1
"673","Nepal",1981,"NPHR31DT",1996,1
"674","Nepal",2010,"NPHR60DT",2011,0.8
"675","Nepal",1993,"NPHR31DT",1996,1
"676","Nepal",1990,"NPHR31DT",1996,1
"677","Nepal",2013,"NPHR7HDT",2017,0.333333333333333
"678","Nicaragua",1999,"NCHR41DT",2001,0.333333333333333
"679","Nicaragua",1990,"NCHR31DT",1998,1
"680","Nicaragua",1996,"NCHR31DT",1998,1
"681","Nicaragua",1993,"NCHR31DT",1998,1
"682","Nicaragua",1987,"NCHR31DT",1998,1
"683","Nicaragua",1981,"NCHR31DT",1998,1
"684","Nicaragua",1984,"NCHR31DT",1998,1
"685","Niger",1996,"NIHR31DT",1998,0.666666666666667
"686","Niger",2008,"NIHR61DT",2012,0.333333333333333
"687","Niger",1993,"NIHR31DT",1998,0.166666666666667
"688","Niger",1987,"NIHR22DT",1992,1
"689","Niger",2005,"NIHR51DT",2006,0.875
"690","Niger",1981,"NIHR22DT",1992,1
"691","Niger",2010,"NIHR61DT",2012,0.666666666666667
"692","Niger",1990,"NIHR22DT",1992,1
"693","Niger",1999,"NIHR51DT",2006,0.125
"694","Niger",2011,"NIHR61DT",2012,0.833333333333333
"695","Niger",2002,"NIHR51DT",2006,0.5
"696","Niger",1984,"NIHR22DT",1992,1
"697","Niger",2012,"NIHR61DT",2012,1
"698","Nigeria",2010,"NGHR61DT",2010,1
"699","Nigeria",1990,"NGHR21DT",1990,1
"700","Nigeria",1996,"NGHR4BDT",2003,0.461538461538462
"701","Nigeria",2011,"NGHR6ADT",2013,0.333333333333333
"702","Nigeria",2005,"NGHR53DT",2008,0.4
"703","Nigeria",1993,"NGHR4BDT",2003,0.230769230769231
"704","Nigeria",2002,"NGHR4BDT",2003,0.923076923076923
"705","Nigeria",2013,"NGHR6ADT",2013,1
"706","Nigeria",1987,"NGHR21DT",1990,1
"707","Nigeria",2012,"NGHR6ADT",2013,0.666666666666667
"708","Nigeria",1999,"NGHR4BDT",2003,0.692307692307692
"709","Nigeria",2015,"NGHR72DT",2015,1
"710","Nigeria",1984,"NGHR21DT",1990,1
"711","Nigeria",1981,"NGHR21DT",1990,1
"712","Nigeria",2008,"NGHR53DT",2008,1
"713","Pakistan",1990,"PKHR21DT",1991,1
"714","Pakistan",1987,"PKHR21DT",1991,1
"715","Pakistan",1993,"PKHR52DT",2007,0.125
"716","Pakistan",2005,"PKHR52DT",2007,0.875
"717","Pakistan",2015,"PKHR71DT",2018,0.4
"718","Pakistan",1996,"PKHR52DT",2007,0.3125
"719","Pakistan",1984,"PKHR21DT",1991,1
"720","Pakistan",2010,"PKHR61DT",2013,0.5
"721","Pakistan",2011,"PKHR61DT",2013,0.666666666666667
"722","Pakistan",2002,"PKHR52DT",2007,0.6875
"723","Pakistan",2008,"PKHR61DT",2013,0.166666666666667
"724","Pakistan",1999,"PKHR52DT",2007,0.5
"725","Pakistan",1981,"PKHR21DT",1991,1
"726","Pakistan",2012,"PKHR61DT",2013,0.833333333333333
"727","Pakistan",2013,"PKHR61DT",2013,1
"728","Paraguay",1984,"PYHR21DT",1990,1
"729","Paraguay",1990,"PYHR21DT",1990,1
"730","Paraguay",1981,"PYHR21DT",1990,1
"731","Paraguay",1987,"PYHR21DT",1990,1
"732","Peru",1990,"PEHR21DT",1992,1
"733","Peru",2010,"PEHR61DT",2010,1
"734","Peru",1999,"PEHR41DT",2000,0.75
"735","Peru",1993,"PEHR31DT",1996,0.25
"736","Peru",1987,"PEHR21DT",1992,1
"737","Peru",1984,"PEHR21DT",1992,1
"738","Peru",1996,"PEHR31DT",1996,1
"739","Peru",2002,"PEHR51DT",2005,0.4
"740","Peru",2008,"PEHR5ADT",2008,1
"741","Peru",2005,"PEHR51DT",2005,1
"742","Peru",2011,"PEHR6ADT",2011,1
"743","Peru",1981,"PEHR21DT",1992,1
"744","Peru",2012,"PEHR6IDT",2012,1
"745","Philippines",1984,"PHHR31DT",1993,1
"746","Philippines",1996,"PHHR3BDT",1998,0.6
"747","Philippines",2011,"PHHR61DT",2013,0.6
"748","Philippines",1981,"PHHR31DT",1993,1
"749","Philippines",2013,"PHHR61DT",2013,1
"750","Philippines",2002,"PHHR41DT",2003,0.8
"751","Philippines",2015,"PHHR70DT",2017,0.5
"752","Philippines",1987,"PHHR31DT",1993,1
"753","Philippines",1993,"PHHR31DT",1993,1
"754","Philippines",2012,"PHHR61DT",2013,0.8
"755","Philippines",2010,"PHHR61DT",2013,0.4
"756","Philippines",1999,"PHHR41DT",2003,0.2
"757","Philippines",2005,"PHHR52DT",2008,0.4
"758","Philippines",2008,"PHHR52DT",2008,1
"759","Philippines",1990,"PHHR31DT",1993,1
"760","Rwanda",2012,"RWHR6QDT",2013,0.5
"761","Rwanda",2002,"RWHR53DT",2005,0.4
"762","Rwanda",1999,"RWHR41DT",2000,0.875
"763","Rwanda",1981,"RWHR21DT",1992,1
"764","Rwanda",2010,"RWHR61DT",2011,0.666666666666667
"765","Rwanda",2015,"RWHR70DT",2015,1
"766","Rwanda",1990,"RWHR21DT",1992,1
"767","Rwanda",1984,"RWHR21DT",1992,1
"768","Rwanda",1987,"RWHR21DT",1992,1
"769","Rwanda",2011,"RWHR61DT",2011,1
"770","Rwanda",2005,"RWHR53DT",2005,1
"771","Rwanda",1993,"RWHR41DT",2000,0.125
"772","Rwanda",1996,"RWHR41DT",2000,0.5
"773","Rwanda",2008,"RWHR5ADT",2008,1
"774","Rwanda",2013,"RWHR6QDT",2013,1
"775","Sao Tome and Principe",1987,"STHR50DT",2009,1
"776","Sao Tome and Principe",2005,"STHR50DT",2009,1
"777","Sao Tome and Principe",1990,"STHR50DT",2009,1
"778","Sao Tome and Principe",1984,"STHR50DT",2009,1
"779","Sao Tome and Principe",1993,"STHR50DT",2009,1
"780","Sao Tome and Principe",1999,"STHR50DT",2009,1
"781","Sao Tome and Principe",2008,"STHR50DT",2009,1
"782","Sao Tome and Principe",1996,"STHR50DT",2009,1
"783","Sao Tome and Principe",2002,"STHR50DT",2009,1
"784","Sao Tome and Principe",1981,"STHR50DT",2009,1
"785","Senegal",2013,"SNHR6DDT",2013,1
"786","Senegal",1990,"SNHR21DT",1993,1
"787","Senegal",2011,"SNHR61DT",2011,1
"788","Senegal",2002,"SNHR4HDT",2005,0.5
"789","Senegal",2012,"SNHR6DDT",2013,0.5
"790","Senegal",1999,"SNHR41DT",1999,1
"791","Senegal",1996,"SNHR32DT",1997,0.75
"792","Senegal",2008,"SNHR5HDT",2009,0.666666666666667
"793","Senegal",2015,"SNHR7HDT",2015,1
"794","Senegal",1981,"SNHR21DT",1993,1
"795","Senegal",1984,"SNHR21DT",1993,1
"796","Senegal",2010,"SNHR61DT",2011,0.5
"797","Senegal",1987,"SNHR21DT",1993,1
"798","Senegal",2005,"SNHR4HDT",2005,1
"799","Senegal",1993,"SNHR21DT",1993,1
"800","Sierra Leone",1984,"SLHR51DT",2008,1
"801","Sierra Leone",1981,"SLHR51DT",2008,1
"802","Sierra Leone",1996,"SLHR51DT",2008,1
"803","Sierra Leone",1993,"SLHR51DT",2008,1
"804","Sierra Leone",2011,"SLHR61DT",2013,0.6
"805","Sierra Leone",1990,"SLHR51DT",2008,1
"806","Sierra Leone",1999,"SLHR51DT",2008,1
"807","Sierra Leone",2010,"SLHR61DT",2013,0.4
"808","Sierra Leone",2002,"SLHR51DT",2008,1
"809","Sierra Leone",2008,"SLHR51DT",2008,1
"810","Sierra Leone",2005,"SLHR51DT",2008,1
"811","Sierra Leone",1987,"SLHR51DT",2008,1
"812","Sierra Leone",2015,"SLHR71DT",2016,0.666666666666667
"813","Sierra Leone",2012,"SLHR61DT",2013,0.8
"814","Sierra Leone",2013,"SLHR61DT",2013,1
"815","South Africa",1996,"ZAHR33DT",1998,1
"816","South Africa",2013,"ZAHR71DT",2016,0.833333333333333
"817","South Africa",1999,"ZAHR71DT",2016,0.0555555555555556
"818","South Africa",1990,"ZAHR33DT",1998,1
"819","South Africa",1981,"ZAHR33DT",1998,1
"820","South Africa",2011,"ZAHR71DT",2016,0.722222222222222
"821","South Africa",2012,"ZAHR71DT",2016,0.777777777777778
"822","South Africa",2005,"ZAHR71DT",2016,0.388888888888889
"823","South Africa",2008,"ZAHR71DT",2016,0.555555555555556
"824","South Africa",1993,"ZAHR33DT",1998,1
"825","South Africa",2015,"ZAHR71DT",2016,0.944444444444444
"826","South Africa",1987,"ZAHR33DT",1998,1
"827","South Africa",1984,"ZAHR33DT",1998,1
"828","South Africa",2010,"ZAHR71DT",2016,0.666666666666667
"829","South Africa",2002,"ZAHR71DT",2016,0.222222222222222
"830","Tajikistan",2011,"TJHR61DT",2012,1
"831","Tajikistan",2008,"TJHR61DT",2012,1
"832","Tajikistan",2013,"TJHR70DT",2017,0.2
"833","Tajikistan",2010,"TJHR61DT",2012,1
"834","Tajikistan",1984,"TJHR61DT",2012,1
"835","Tajikistan",1993,"TJHR61DT",2012,1
"836","Tajikistan",1990,"TJHR61DT",2012,1
"837","Tajikistan",2012,"TJHR61DT",2012,1
"838","Tajikistan",1981,"TJHR61DT",2012,1
"839","Tajikistan",1996,"TJHR61DT",2012,1
"840","Tajikistan",1999,"TJHR61DT",2012,1
"841","Tajikistan",2002,"TJHR61DT",2012,1
"842","Tajikistan",2015,"TJHR70DT",2017,0.6
"843","Tajikistan",1987,"TJHR61DT",2012,1
"844","Tajikistan",2005,"TJHR61DT",2012,1
"845","Tanzania",1999,"TZHR41DT",1999,1
"846","Tanzania",1996,"TZHR3ADT",1996,1
"847","Tanzania",1987,"TZHR21DT",1992,1
"848","Tanzania",2013,"TZHR7ADT",2016,0.25
"849","Tanzania",1984,"TZHR21DT",1992,1
"850","Tanzania",1993,"TZHR3ADT",1996,0.25
"851","Tanzania",2015,"TZHR7ADT",2016,0.75
"852","Tanzania",2012,"TZHR6ADT",2012,1
"853","Tanzania",2011,"TZHR6ADT",2012,0.5
"854","Tanzania",1990,"TZHR21DT",1992,1
"855","Tanzania",2002,"TZHR4ADT",2004,0.6
"856","Tanzania",2010,"TZHR63DT",2010,1
"857","Tanzania",2005,"TZHR4IDT",2005,1
"858","Tanzania",1981,"TZHR21DT",1992,1
"859","Tanzania",2008,"TZHR51DT",2008,1
"860","Timor-Leste",1981,"TLHR61DT",2010,1
"861","Timor-Leste",2012,"TLHR71DT",2016,0.333333333333333
"862","Timor-Leste",1984,"TLHR61DT",2010,1
"863","Timor-Leste",1990,"TLHR61DT",2010,1
"864","Timor-Leste",1996,"TLHR61DT",2010,1
"865","Timor-Leste",1987,"TLHR61DT",2010,1
"866","Timor-Leste",1999,"TLHR61DT",2010,1
"867","Timor-Leste",2010,"TLHR61DT",2010,1
"868","Timor-Leste",2005,"TLHR61DT",2010,1
"869","Timor-Leste",2013,"TLHR71DT",2016,0.5
"870","Timor-Leste",2011,"TLHR71DT",2016,0.166666666666667
"871","Timor-Leste",1993,"TLHR61DT",2010,1
"872","Timor-Leste",2008,"TLHR61DT",2010,1
"873","Timor-Leste",2015,"TLHR71DT",2016,0.833333333333333
"874","Timor-Leste",2002,"TLHR61DT",2010,1
"875","Togo",2010,"TGHR61DT",2014,0.75
"876","Togo",2015,"TGHR71DT",2017,0.333333333333333
"877","Togo",1993,"TGHR31DT",1998,1
"878","Togo",2011,"TGHR61DT",2014,0.8125
"879","Togo",2008,"TGHR61DT",2014,0.625
"880","Togo",1996,"TGHR31DT",1998,1
"881","Togo",1990,"TGHR31DT",1998,1
"882","Togo",2012,"TGHR61DT",2014,0.875
"883","Togo",1981,"TGHR31DT",1998,1
"884","Togo",1999,"TGHR61DT",2014,0.0625
"885","Togo",2013,"TGHR61DT",2014,0.9375
"886","Togo",2005,"TGHR61DT",2014,0.4375
"887","Togo",1984,"TGHR31DT",1998,1
"888","Togo",2002,"TGHR61DT",2014,0.25
"889","Togo",1987,"TGHR31DT",1998,1
"890","Turkey",2011,"TRHR61DT",2014,0.5
"891","Turkey",1987,"TRHR31DT",1993,1
"892","Turkey",2012,"TRHR61DT",2014,0.666666666666667
"893","Turkey",2013,"TRHR61DT",2014,0.833333333333333
"894","Turkey",1996,"TRHR41DT",1998,0.6
"895","Turkey",1984,"TRHR31DT",1993,1
"896","Turkey",1981,"TRHR31DT",1993,1
"897","Turkey",2008,"TRHR51DT",2008,1
"898","Turkey",2005,"TRHR51DT",2008,0.25
"899","Turkey",1993,"TRHR31DT",1993,1
"900","Turkey",2010,"TRHR61DT",2014,0.333333333333333
"901","Turkey",2002,"TRHR4ADT",2004,0.666666666666667
"902","Turkey",1990,"TRHR31DT",1993,1
"903","Turkey",1999,"TRHR4ADT",2004,0.166666666666667
"904","Uganda",2002,"UGHR52DT",2006,0.2
"905","Uganda",2005,"UGHR52DT",2006,0.8
"906","Uganda",1996,"UGHR41DT",2001,0.166666666666667
"907","Uganda",1984,"UGHR33DT",1995,1
"908","Uganda",1993,"UGHR33DT",1995,1
"909","Uganda",1981,"UGHR33DT",1995,1
"910","Uganda",2011,"UGHR6ADT",2011,1
"911","Uganda",2013,"UGHR72DT",2015,0.5
"912","Uganda",2015,"UGHR72DT",2015,1
"913","Uganda",1987,"UGHR33DT",1995,1
"914","Uganda",2008,"UGHR5HDT",2010,0.5
"915","Uganda",1990,"UGHR33DT",1995,1
"916","Uganda",1999,"UGHR41DT",2001,0.666666666666667
"917","Uganda",2012,"UGHR72DT",2015,0.25
"918","Uganda",2010,"UGHR5HDT",2010,1
"919","Ukraine",2005,"UAHR51DT",2007,1
"920","Ukraine",1984,"UAHR51DT",2007,1
"921","Ukraine",1981,"UAHR51DT",2007,1
"922","Ukraine",2002,"UAHR51DT",2007,1
"923","Ukraine",1990,"UAHR51DT",2007,1
"924","Ukraine",1999,"UAHR51DT",2007,1
"925","Ukraine",1993,"UAHR51DT",2007,1
"926","Ukraine",1987,"UAHR51DT",2007,1
"927","Ukraine",1996,"UAHR51DT",2007,1
"928","Uzbekistan",1984,"UZHR31DT",1996,1
"929","Uzbekistan",1993,"UZHR31DT",1996,1
"930","Uzbekistan",1987,"UZHR31DT",1996,1
"931","Uzbekistan",1996,"UZHR31DT",1996,1
"932","Uzbekistan",1990,"UZHR31DT",1996,1
"933","Uzbekistan",1981,"UZHR31DT",1996,1
"934","Vietnam",1993,"VNHR31DT",1997,1
"935","Vietnam",1996,"VNHR31DT",1997,1
"936","Vietnam",2005,"VNHR52DT",2005,1
"937","Vietnam",1999,"VNHR41DT",2002,0.4
"938","Vietnam",1981,"VNHR31DT",1997,1
"939","Vietnam",1987,"VNHR31DT",1997,1
"940","Vietnam",1984,"VNHR31DT",1997,1
"941","Vietnam",2002,"VNHR41DT",2002,1
"942","Vietnam",1990,"VNHR31DT",1997,1
"943","Yemen, Republic of",2002,"YEHR61DT",2013,0.476190476190476
"944","Yemen, Republic of",2005,"YEHR61DT",2013,0.619047619047619
"945","Yemen, Republic of",2008,"YEHR61DT",2013,0.761904761904762
"946","Yemen, Republic of",1981,"YEHR21DT",1992,1
"947","Yemen, Republic of",2012,"YEHR61DT",2013,0.952380952380952
"948","Yemen, Republic of",2011,"YEHR61DT",2013,0.904761904761905
"949","Yemen, Republic of",1987,"YEHR21DT",1992,1
"950","Yemen, Republic of",1999,"YEHR61DT",2013,0.333333333333333
"951","Yemen, Republic of",1990,"YEHR21DT",1992,1
"952","Yemen, Republic of",1996,"YEHR61DT",2013,0.19047619047619
"953","Yemen, Republic of",2013,"YEHR61DT",2013,1
"954","Yemen, Republic of",2010,"YEHR61DT",2013,0.857142857142857
"955","Yemen, Republic of",1984,"YEHR21DT",1992,1
"956","Yemen, Republic of",1993,"YEHR61DT",2013,0.0476190476190476
"957","Zambia",1990,"ZMHR21DT",1992,1
"958","Zambia",1993,"ZMHR31DT",1997,0.2
"959","Zambia",1981,"ZMHR21DT",1992,1
"960","Zambia",2011,"ZMHR61DT",2014,0.571428571428571
"961","Zambia",1999,"ZMHR42DT",2002,0.4
"962","Zambia",1984,"ZMHR21DT",1992,1
"963","Zambia",2010,"ZMHR61DT",2014,0.428571428571429
"964","Zambia",1996,"ZMHR31DT",1997,0.8
"965","Zambia",2012,"ZMHR61DT",2014,0.714285714285714
"966","Zambia",2005,"ZMHR51DT",2007,0.6
"967","Zambia",2013,"ZMHR61DT",2014,0.857142857142857
"968","Zambia",1987,"ZMHR21DT",1992,1
"969","Zambia",2002,"ZMHR42DT",2002,1
"970","Zambia",2008,"ZMHR61DT",2014,0.142857142857143
"971","Zimbabwe",1984,"ZWHR31DT",1994,1
"972","Zimbabwe",1987,"ZWHR31DT",1994,1
"973","Zimbabwe",2013,"ZWHR71DT",2015,0.5
"974","Zimbabwe",1996,"ZWHR42DT",1999,0.4
"975","Zimbabwe",2008,"ZWHR62DT",2011,0.4
"976","Zimbabwe",2011,"ZWHR62DT",2011,1
"977","Zimbabwe",2012,"ZWHR71DT",2015,0.25
"978","Zimbabwe",2015,"ZWHR71DT",2015,1
"979","Zimbabwe",1993,"ZWHR31DT",1994,1
"980","Zimbabwe",2005,"ZWHR52DT",2006,0.857142857142857
"981","Zimbabwe",1990,"ZWHR31DT",1994,1
"982","Zimbabwe",2010,"ZWHR62DT",2011,0.8
"983","Zimbabwe",1999,"ZWHR42DT",1999,1
"984","Zimbabwe",1981,"ZWHR31DT",1994,1
"985","Zimbabwe",2002,"ZWHR52DT",2006,0.428571428571429
"986","Albania",2015,"ALHR50DT",2009,0.25
"987","Albania",2010,"ALHR50DT",2009,0.875
"988","Albania",2011,"ALHR50DT",2009,0.75
"989","Albania",2013,"ALHR50DT",2009,0.5
"990","Albania",2012,"ALHR50DT",2009,0.625
"991","Angola",2012,"AOHR62DT",2011,0.8
"992","Angola",2013,"AOHR62DT",2011,0.6
"993","Angola",2015,"AOHR62DT",2011,0.2
"994","Angola",2010,"AOHR51DT",2007,0.25
"995","Angola",2008,"AOHR51DT",2007,0.75
"996","Armenia",2011,"AMHR61DT",2010,0.833333333333333
"997","Armenia",2012,"AMHR61DT",2010,0.666666666666667
"998","Armenia",2013,"AMHR61DT",2010,0.5
"999","Armenia",2015,"AMHR61DT",2010,0.166666666666667
"1000","Armenia",2008,"AMHR54DT",2005,0.4
"1001","Armenia",2002,"AMHR42DT",2000,0.6
"1002","Azerbaijan",2008,"AZHR52DT",2006,1
"1003","Azerbaijan",2011,"AZHR52DT",2006,1
"1004","Azerbaijan",2010,"AZHR52DT",2006,1
"1005","Azerbaijan",2013,"AZHR52DT",2006,1
"1006","Azerbaijan",2012,"AZHR52DT",2006,1
"1007","Azerbaijan",2015,"AZHR52DT",2006,1
"1008","Bangladesh",2015,"BDHR72DT",2014,1
"1009","Bangladesh",2013,"BDHR61DT",2011,0.333333333333333
"1010","Bangladesh",2012,"BDHR61DT",2011,0.666666666666667
"1011","Bangladesh",2010,"BDHR51DT",2007,0.25
"1012","Bangladesh",2008,"BDHR51DT",2007,0.75
"1013","Bangladesh",2005,"BDHR4JDT",2004,0.666666666666667
"1014","Bangladesh",2002,"BDHR41DT",2000,0.5
"1015","Bangladesh",1999,"BDHR3ADT",1997,0.333333333333333
"1016","Bangladesh",1996,"BDHR31DT",1994,0.333333333333333
"1017","Benin",2015,"BJHR61DT",2012,0.5
"1018","Benin",2013,"BJHR61DT",2012,0.833333333333333
"1019","Benin",2010,"BJHR51DT",2006,0.333333333333333
"1020","Benin",2011,"BJHR51DT",2006,0.166666666666667
"1021","Benin",2008,"BJHR51DT",2006,0.666666666666667
"1022","Benin",2002,"BJHR41DT",2001,0.8
"1023","Benin",2005,"BJHR41DT",2001,0.2
"1024","Benin",1999,"BJHR31DT",1996,0.4
"1025","Bolivia",2010,"BOHR51DT",2008,1
"1026","Bolivia",2011,"BOHR51DT",2008,1
"1027","Bolivia",2015,"BOHR51DT",2008,1
"1028","Bolivia",2012,"BOHR51DT",2008,1
"1029","Bolivia",2013,"BOHR51DT",2008,1
"1030","Bolivia",2005,"BOHR41DT",2004,0.75
"1031","Bolivia",2002,"BOHR3BDT",1998,0.333333333333333
"1032","Bolivia",1999,"BOHR3BDT",1998,0.833333333333333
"1033","Bolivia",1996,"BOHR31DT",1994,0.5
"1034","Brazil",2002,"BRHR31DT",1996,1
"1035","Brazil",2011,"BRHR31DT",1996,1
"1036","Brazil",2015,"BRHR31DT",1996,1
"1037","Brazil",2008,"BRHR31DT",1996,1
"1038","Brazil",2012,"BRHR31DT",1996,1
"1039","Brazil",2010,"BRHR31DT",1996,1
"1040","Brazil",1999,"BRHR31DT",1996,1
"1041","Brazil",2005,"BRHR31DT",1996,1
"1042","Brazil",2013,"BRHR31DT",1996,1
"1043","Brazil",1993,"BRHR21DT",1991,0.6
"1044","Burkina Faso",2015,"BFHR70DT",2014,1
"1045","Burkina Faso",2013,"BFHR62DT",2011,0.333333333333333
"1046","Burkina Faso",2012,"BFHR62DT",2011,0.666666666666667
"1047","Burkina Faso",2008,"BFHR43DT",2003,0.375
"1048","Burkina Faso",2010,"BFHR43DT",2003,0.125
"1049","Burkina Faso",2005,"BFHR43DT",2003,0.75
"1050","Burkina Faso",2002,"BFHR31DT",1999,0.25
"1051","Burkina Faso",1996,"BFHR21DT",1993,0.5
"1052","Burundi",2015,"BUHR6HDT",2013,0.5
"1053","Burundi",2012,"BUHR61DT",2011,0.5
"1054","Cambodia",2015,"KHHR73DT",2014,1
"1055","Cambodia",2012,"KHHR61DT",2011,0.666666666666667
"1056","Cambodia",2013,"KHHR61DT",2011,0.333333333333333
"1057","Cambodia",2010,"KHHR51DT",2006,0.2
"1058","Cambodia",2008,"KHHR51DT",2006,0.6
"1059","Cambodia",2005,"KHHR42DT",2000,0.166666666666667
"1060","Cambodia",2002,"KHHR42DT",2000,0.666666666666667
"1061","Cameroon",2013,"CMHR61DT",2011,1
"1062","Cameroon",2012,"CMHR61DT",2011,1
"1063","Cameroon",2015,"CMHR61DT",2011,1
"1064","Cameroon",2008,"CMHR44DT",2004,0.428571428571429
"1065","Cameroon",2010,"CMHR44DT",2004,0.142857142857143
"1066","Cameroon",2005,"CMHR44DT",2004,0.857142857142857
"1067","Cameroon",2002,"CMHR31DT",1998,0.333333333333333
"1068","Cameroon",1999,"CMHR31DT",1998,0.833333333333333
"1069","Cameroon",1993,"CMHR22DT",1991,0.714285714285714
"1070","Cameroon",1996,"CMHR22DT",1991,0.285714285714286
"1071","Central African Republic",2008,"CFHR31DT",1995,1
"1072","Central African Republic",2015,"CFHR31DT",1995,1
"1073","Central African Republic",2011,"CFHR31DT",1995,1
"1074","Central African Republic",2010,"CFHR31DT",1995,1
"1075","Central African Republic",2002,"CFHR31DT",1995,1
"1076","Central African Republic",2012,"CFHR31DT",1995,1
"1077","Central African Republic",1999,"CFHR31DT",1995,1
"1078","Central African Republic",2013,"CFHR31DT",1995,1
"1079","Central African Republic",1996,"CFHR31DT",1995,1
"1080","Central African Republic",2005,"CFHR31DT",1995,1
"1081","Chad",2010,"TDHR41DT",2005,0.5
"1082","Chad",2011,"TDHR41DT",2005,0.4
"1083","Chad",2008,"TDHR41DT",2005,0.7
"1084","Chad",2012,"TDHR41DT",2005,0.3
"1085","Chad",2013,"TDHR41DT",2005,0.2
"1086","Chad",1999,"TDHR31DT",1997,0.75
"1087","Chad",2002,"TDHR31DT",1997,0.375
"1088","Colombia",2011,"COHR61DT",2010,0.833333333333333
"1089","Colombia",2012,"COHR61DT",2010,0.666666666666667
"1090","Colombia",2015,"COHR61DT",2010,0.166666666666667
"1091","Colombia",2013,"COHR61DT",2010,0.5
"1092","Colombia",2008,"COHR53DT",2005,0.4
"1093","Colombia",2002,"COHR41DT",2000,0.6
"1094","Colombia",1996,"COHR31DT",1995,0.8
"1095","Colombia",1999,"COHR31DT",1995,0.2
"1096","Colombia",1993,"COHR22DT",1990,0.4
"1097","Comoros",2015,"KMHR61DT",2012,1
"1098","Comoros",2013,"KMHR61DT",2012,1
"1099","Comoros",2005,"KMHR32DT",1996,0.4375
"1100","Comoros",2008,"KMHR32DT",1996,0.25
"1101","Comoros",2002,"KMHR32DT",1996,0.625
"1102","Comoros",1999,"KMHR32DT",1996,0.8125
"1103","Comoros",2010,"KMHR32DT",1996,0.125
"1104","Comoros",2011,"KMHR32DT",1996,0.0625
"1105","Congo, Republic of",2015,"CGHR60DT",2012,1
"1106","Congo, Republic of",2013,"CGHR60DT",2012,1
"1107","Congo, Republic of",2011,"CGHR5HDT",2009,0.333333333333333
"1108","Congo, Republic of",2010,"CGHR5HDT",2009,0.666666666666667
"1109","Congo, Republic of",2008,"CGHR51DT",2005,0.25
"1110","Congo, Democratic Republic of",2015,"CDHR61DT",2014,1
"1111","Congo, Democratic Republic of",2013,"CDHR50DT",2007,0.142857142857143
"1112","Congo, Democratic Republic of",2012,"CDHR50DT",2007,0.285714285714286
"1113","Congo, Democratic Republic of",2011,"CDHR50DT",2007,0.428571428571429
"1114","Congo, Democratic Republic of",2010,"CDHR50DT",2007,0.571428571428571
"1115","Congo, Democratic Republic of",2008,"CDHR50DT",2007,0.857142857142857
"1116","Cote d'Ivoire",2015,"CIHR62DT",2012,1
"1117","Cote d'Ivoire",2013,"CIHR62DT",2012,1
"1118","Cote d'Ivoire",2011,"CIHR50DT",2005,0.142857142857143
"1119","Cote d'Ivoire",2010,"CIHR50DT",2005,0.285714285714286
"1120","Cote d'Ivoire",2008,"CIHR50DT",2005,0.571428571428571
"1121","Cote d'Ivoire",2002,"CIHR3ADT",1999,0.5
"1122","Cote d'Ivoire",1996,"CIHR35DT",1994,0.6
"1123","Dominican Republic",2015,"DRHR61DT",2013,1
"1124","Dominican Republic",2010,"DRHR52DT",2007,0.5
"1125","Dominican Republic",2011,"DRHR52DT",2007,0.333333333333333
"1126","Dominican Republic",2012,"DRHR52DT",2007,0.166666666666667
"1127","Dominican Republic",2008,"DRHR52DT",2007,0.833333333333333
"1128","Dominican Republic",2005,"DRHR4ADT",2002,0.4
"1129","Dominican Republic",1993,"DRHR21DT",1991,0.6
"1130","Egypt, Arab Republic of",2015,"EGHR61DT",2014,1
"1131","Egypt, Arab Republic of",2010,"EGHR5ADT",2008,0.666666666666667
"1132","Egypt, Arab Republic of",2013,"EGHR5ADT",2008,0.166666666666667
"1133","Egypt, Arab Republic of",2011,"EGHR5ADT",2008,0.5
"1134","Egypt, Arab Republic of",2012,"EGHR5ADT",2008,0.333333333333333
"1135","Egypt, Arab Republic of",2002,"EGHR42DT",2000,0.333333333333333
"1136","Egypt, Arab Republic of",1999,"EGHR33DT",1996,0.25
"1137","Eswatini",2013,"SZHR51DT",2007,1
"1138","Eswatini",2012,"SZHR51DT",2007,1
"1139","Eswatini",2010,"SZHR51DT",2007,1
"1140","Eswatini",2008,"SZHR51DT",2007,1
"1141","Eswatini",2011,"SZHR51DT",2007,1
"1142","Eswatini",2015,"SZHR51DT",2007,1
"1143","Ethiopia",2012,"ETHR61DT",2011,0.8
"1144","Ethiopia",2015,"ETHR61DT",2011,0.2
"1145","Ethiopia",2013,"ETHR61DT",2011,0.6
"1146","Ethiopia",2008,"ETHR51DT",2005,0.5
"1147","Ethiopia",2010,"ETHR51DT",2005,0.166666666666667
"1148","Ethiopia",2002,"ETHR41DT",2000,0.6
"1149","Gabon",2015,"GAHR60DT",2012,1
"1150","Gabon",2013,"GAHR60DT",2012,1
"1151","Gabon",2008,"GAHR41DT",2001,0.363636363636364
"1152","Gabon",2002,"GAHR41DT",2001,0.909090909090909
"1153","Gabon",2011,"GAHR41DT",2001,0.0909090909090909
"1154","Gabon",2010,"GAHR41DT",2001,0.181818181818182
"1155","Gabon",2005,"GAHR41DT",2001,0.636363636363636
"1156","Gambia, The",2015,"GMHR60DT",2013,1
"1157","Ghana",2015,"GHHR72DT",2014,0.5
"1158","Ghana",2010,"GHHR5ADT",2008,0.666666666666667
"1159","Ghana",2012,"GHHR5ADT",2008,0.333333333333333
"1160","Ghana",2013,"GHHR5ADT",2008,0.166666666666667
"1161","Ghana",2011,"GHHR5ADT",2008,0.5
"1162","Ghana",2005,"GHHR4BDT",2003,0.6
"1163","Ghana",2002,"GHHR41DT",1999,0.25
"1164","Ghana",1996,"GHHR31DT",1994,0.6
"1165","Guatemala",2010,"GUHR41DT",1999,0.3125
"1166","Guatemala",2011,"GUHR41DT",1999,0.25
"1167","Guatemala",2008,"GUHR41DT",1999,0.4375
"1168","Guatemala",2012,"GUHR41DT",1999,0.1875
"1169","Guatemala",2013,"GUHR41DT",1999,0.125
"1170","Guatemala",2005,"GUHR41DT",1999,0.625
"1171","Guatemala",2002,"GUHR41DT",1999,0.8125
"1172","Guatemala",1996,"GUHR34DT",1995,0.75
"1173","Guinea",2013,"GNHR62DT",2012,1
"1174","Guinea",2015,"GNHR62DT",2012,1
"1175","Guinea",2008,"GNHR52DT",2005,0.571428571428571
"1176","Guinea",2011,"GNHR52DT",2005,0.142857142857143
"1177","Guinea",2010,"GNHR52DT",2005,0.285714285714286
"1178","Guinea",2002,"GNHR41DT",1999,0.5
"1179","Guyana",2010,"GYHR5IDT",2009,1
"1180","Guyana",2013,"GYHR5IDT",2009,1
"1181","Guyana",2012,"GYHR5IDT",2009,1
"1182","Guyana",2011,"GYHR5IDT",2009,1
"1183","Guyana",2015,"GYHR5IDT",2009,1
"1184","Guyana",2008,"GYHR51DT",2005,0.25
"1185","Haiti",2015,"HTHR61DT",2012,0.4
"1186","Haiti",2013,"HTHR61DT",2012,0.8
"1187","Haiti",2011,"HTHR52DT",2006,0.166666666666667
"1188","Haiti",2008,"HTHR52DT",2006,0.666666666666667
"1189","Haiti",2010,"HTHR52DT",2006,0.333333333333333
"1190","Haiti",2005,"HTHR42DT",2000,0.166666666666667
"1191","Haiti",2002,"HTHR42DT",2000,0.666666666666667
"1192","Haiti",1996,"HTHR31DT",1995,0.8
"1193","Haiti",1999,"HTHR31DT",1995,0.2
"1194","Honduras",2013,"HNHR62DT",2012,1
"1195","Honduras",2015,"HNHR62DT",2012,1
"1196","Honduras",2011,"HNHR52DT",2006,0.166666666666667
"1197","Honduras",2008,"HNHR52DT",2006,0.666666666666667
"1198","Honduras",2010,"HNHR52DT",2006,0.333333333333333
"1199","India",2010,"IAHR52DT",2006,0.6
"1200","India",2012,"IAHR52DT",2006,0.4
"1201","India",2011,"IAHR52DT",2006,0.5
"1202","India",2013,"IAHR52DT",2006,0.3
"1203","India",2015,"IAHR52DT",2006,0.1
"1204","India",2008,"IAHR52DT",2006,0.8
"1205","India",2002,"IAHR42DT",1999,0.571428571428571
"1206","India",2005,"IAHR42DT",1999,0.142857142857143
"1207","India",1996,"IAHR23DT",1993,0.5
"1208","Indonesia",2013,"IDHR63DT",2012,0.8
"1209","Indonesia",2015,"IDHR63DT",2012,0.4
"1210","Indonesia",2010,"IDHR51DT",2008,0.5
"1211","Indonesia",2011,"IDHR51DT",2008,0.25
"1212","Indonesia",2005,"IDHR42DT",2003,0.6
"1213","Indonesia",1999,"IDHR3ADT",1997,0.666666666666667
"1214","Indonesia",2002,"IDHR3ADT",1997,0.166666666666667
"1215","Indonesia",1996,"IDHR31DT",1994,0.333333333333333
"1216","Indonesia",1993,"IDHR21DT",1991,0.333333333333333
"1217","Jordan",2013,"JOHR6CDT",2012,0.833333333333333
"1218","Jordan",2015,"JOHR6CDT",2012,0.5
"1219","Jordan",2010,"JOHR61DT",2009,0.666666666666667
"1220","Jordan",2011,"JOHR61DT",2009,0.333333333333333
"1221","Jordan",2008,"JOHR51DT",2007,0.5
"1222","Jordan",2005,"JOHR42DT",2002,0.4
"1223","Jordan",1999,"JOHR31DT",1997,0.6
"1224","Jordan",1996,"JOHR21DT",1990,0.142857142857143
"1225","Jordan",1993,"JOHR21DT",1990,0.571428571428571
"1226","Kazakhstan",2013,"KKHR42DT",1999,1
"1227","Kazakhstan",2005,"KKHR42DT",1999,1
"1228","Kazakhstan",2012,"KKHR42DT",1999,1
"1229","Kazakhstan",2015,"KKHR42DT",1999,1
"1230","Kazakhstan",2002,"KKHR42DT",1999,1
"1231","Kazakhstan",2010,"KKHR42DT",1999,1
"1232","Kazakhstan",2008,"KKHR42DT",1999,1
"1233","Kazakhstan",2011,"KKHR42DT",1999,1
"1234","Kazakhstan",1996,"KKHR31DT",1995,0.75
"1235","Kenya",2010,"KEHR52DT",2009,0.8
"1236","Kenya",2012,"KEHR52DT",2009,0.4
"1237","Kenya",2011,"KEHR52DT",2009,0.6
"1238","Kenya",2013,"KEHR52DT",2009,0.2
"1239","Kenya",2008,"KEHR42DT",2003,0.166666666666667
"1240","Kenya",2005,"KEHR42DT",2003,0.666666666666667
"1241","Kenya",1999,"KEHR3ADT",1998,0.8
"1242","Kenya",2002,"KEHR3ADT",1998,0.2
"1243","Kenya",1996,"KEHR33DT",1993,0.4
"1244","Kyrgyz Republic",2015,"KYHR61DT",2012,1
"1245","Kyrgyz Republic",2013,"KYHR61DT",2012,1
"1246","Kyrgyz Republic",2002,"KYHR31DT",1997,0.666666666666667
"1247","Kyrgyz Republic",2010,"KYHR31DT",1997,0.133333333333333
"1248","Kyrgyz Republic",2008,"KYHR31DT",1997,0.266666666666667
"1249","Kyrgyz Republic",2005,"KYHR31DT",1997,0.466666666666667
"1250","Kyrgyz Republic",2011,"KYHR31DT",1997,0.0666666666666667
"1251","Kyrgyz Republic",1999,"KYHR31DT",1997,0.866666666666667
"1252","Lesotho",2015,"LSHR71DT",2014,1
"1253","Lesotho",2011,"LSHR61DT",2010,0.75
"1254","Lesotho",2012,"LSHR61DT",2010,0.5
"1255","Lesotho",2013,"LSHR61DT",2010,0.25
"1256","Lesotho",2008,"LSHR41DT",2005,0.4
"1257","Liberia",2015,"LBHR6ADT",2013,0.333333333333333
"1258","Liberia",2012,"LBHR61DT",2011,0.5
"1259","Liberia",2010,"LBHR5ADT",2009,0.5
"1260","Liberia",2008,"LBHR51DT",2007,0.5
"1261","Madagascar",2015,"MDHR6HDT",2013,0.333333333333333
"1262","Madagascar",2012,"MDHR61DT",2011,0.5
"1263","Madagascar",2010,"MDHR51DT",2009,0.5
"1264","Madagascar",2005,"MDHR42DT",2004,0.8
"1265","Madagascar",2008,"MDHR42DT",2004,0.2
"1266","Madagascar",1999,"MDHR31DT",1997,0.714285714285714
"1267","Madagascar",2002,"MDHR31DT",1997,0.285714285714286
"1268","Madagascar",1993,"MDHR21DT",1992,0.8
"1269","Madagascar",1996,"MDHR21DT",1992,0.2
"1270","Malawi",2015,"MWHR71DT",2014,0.5
"1271","Malawi",2013,"MWHR6HDT",2012,0.5
"1272","Malawi",2011,"MWHR61DT",2010,0.5
"1273","Malawi",2008,"MWHR4EDT",2005,0.4
"1274","Malawi",2002,"MWHR41DT",2000,0.6
"1275","Malawi",1996,"MWHR22DT",1992,0.5
"1276","Malawi",1999,"MWHR22DT",1992,0.125
"1277","Malawi",1993,"MWHR22DT",1992,0.875
"1278","Maldives",2012,"MVHR52DT",2009,0.625
"1279","Maldives",2011,"MVHR52DT",2009,0.75
"1280","Maldives",2013,"MVHR52DT",2009,0.5
"1281","Maldives",2015,"MVHR52DT",2009,0.25
"1282","Maldives",2010,"MVHR52DT",2009,0.875
"1283","Mali",2012,"MLHR53DT",2006,0.142857142857143
"1284","Mali",2011,"MLHR53DT",2006,0.285714285714286
"1285","Mali",2008,"MLHR53DT",2006,0.714285714285714
"1286","Mali",2010,"MLHR53DT",2006,0.428571428571429
"1287","Mali",2002,"MLHR41DT",2001,0.8
"1288","Mali",2005,"MLHR41DT",2001,0.2
"1289","Mali",1999,"MLHR32DT",1996,0.4
"1290","Moldova",2011,"MBHR53DT",2005,1
"1291","Moldova",2012,"MBHR53DT",2005,1
"1292","Moldova",2013,"MBHR53DT",2005,1
"1293","Moldova",2010,"MBHR53DT",2005,1
"1294","Moldova",2015,"MBHR53DT",2005,1
"1295","Moldova",2008,"MBHR53DT",2005,1
"1296","Morocco",2015,"MAHR43DT",2004,1
"1297","Morocco",2013,"MAHR43DT",2004,1
"1298","Morocco",2011,"MAHR43DT",2004,1
"1299","Morocco",2010,"MAHR43DT",2004,1
"1300","Morocco",2008,"MAHR43DT",2004,1
"1301","Morocco",2012,"MAHR43DT",2004,1
"1302","Morocco",2005,"MAHR43DT",2004,1
"1303","Morocco",1996,"MAHR33DT",1995,0.888888888888889
"1304","Morocco",1999,"MAHR33DT",1995,0.555555555555556
"1305","Morocco",2002,"MAHR33DT",1995,0.222222222222222
"1306","Morocco",1993,"MAHR21DT",1992,0.666666666666667
"1307","Mozambique",2012,"MZHR62DT",2011,0.75
"1308","Mozambique",2013,"MZHR62DT",2011,0.5
"1309","Mozambique",2010,"MZHR51DT",2009,0.5
"1310","Mozambique",2008,"MZHR41DT",2004,0.2
"1311","Mozambique",2005,"MZHR41DT",2004,0.8
"1312","Mozambique",1999,"MZHR31DT",1997,0.714285714285714
"1313","Mozambique",2002,"MZHR31DT",1997,0.285714285714286
"1314","Namibia",2015,"NMHR61DT",2013,1
"1315","Namibia",2011,"NMHR51DT",2007,0.333333333333333
"1316","Namibia",2008,"NMHR51DT",2007,0.833333333333333
"1317","Namibia",2012,"NMHR51DT",2007,0.166666666666667
"1318","Namibia",2010,"NMHR51DT",2007,0.5
"1319","Namibia",2002,"NMHR41DT",2000,0.714285714285714
"1320","Namibia",2005,"NMHR41DT",2000,0.285714285714286
"1321","Namibia",1993,"NMHR21DT",1992,0.875
"1322","Namibia",1999,"NMHR21DT",1992,0.125
"1323","Namibia",1996,"NMHR21DT",1992,0.5
"1324","Nepal",2012,"NPHR60DT",2011,0.833333333333333
"1325","Nepal",2015,"NPHR60DT",2011,0.333333333333333
"1326","Nepal",2013,"NPHR60DT",2011,0.666666666666667
"1327","Nepal",2008,"NPHR51DT",2006,0.6
"1328","Nepal",2010,"NPHR51DT",2006,0.2
"1329","Nepal",2002,"NPHR41DT",2001,0.8
"1330","Nepal",2005,"NPHR41DT",2001,0.2
"1331","Nepal",1999,"NPHR31DT",1996,0.4
"1332","Nicaragua",2011,"NCHR41DT",2001,1
"1333","Nicaragua",2010,"NCHR41DT",2001,1
"1334","Nicaragua",2002,"NCHR41DT",2001,1
"1335","Nicaragua",2015,"NCHR41DT",2001,1
"1336","Nicaragua",2012,"NCHR41DT",2001,1
"1337","Nicaragua",2005,"NCHR41DT",2001,1
"1338","Nicaragua",2013,"NCHR41DT",2001,1
"1339","Nicaragua",2008,"NCHR41DT",2001,1
"1340","Nicaragua",1999,"NCHR31DT",1998,0.666666666666667
"1341","Niger",2015,"NIHR61DT",2012,1
"1342","Niger",2013,"NIHR61DT",2012,1
"1343","Niger",2011,"NIHR51DT",2006,0.166666666666667
"1344","Niger",2010,"NIHR51DT",2006,0.333333333333333
"1345","Niger",2008,"NIHR51DT",2006,0.666666666666667
"1346","Niger",1999,"NIHR31DT",1998,0.875
"1347","Niger",2005,"NIHR31DT",1998,0.125
"1348","Niger",2002,"NIHR31DT",1998,0.5
"1349","Niger",1993,"NIHR22DT",1992,0.833333333333333
"1350","Niger",1996,"NIHR22DT",1992,0.333333333333333
"1351","Nigeria",2011,"NGHR61DT",2010,0.666666666666667
"1352","Nigeria",2012,"NGHR61DT",2010,0.333333333333333
"1353","Nigeria",2005,"NGHR4BDT",2003,0.6
"1354","Nigeria",1993,"NGHR21DT",1990,0.769230769230769
"1355","Nigeria",2002,"NGHR21DT",1990,0.0769230769230769
"1356","Nigeria",1999,"NGHR21DT",1990,0.307692307692308
"1357","Nigeria",1996,"NGHR21DT",1990,0.538461538461538
"1358","Pakistan",2015,"PKHR61DT",2013,0.6
"1359","Pakistan",2012,"PKHR52DT",2007,0.166666666666667
"1360","Pakistan",2011,"PKHR52DT",2007,0.333333333333333
"1361","Pakistan",2010,"PKHR52DT",2007,0.5
"1362","Pakistan",2008,"PKHR52DT",2007,0.833333333333333
"1363","Pakistan",1993,"PKHR21DT",1991,0.875
"1364","Pakistan",2005,"PKHR21DT",1991,0.125
"1365","Pakistan",1996,"PKHR21DT",1991,0.6875
"1366","Pakistan",1999,"PKHR21DT",1991,0.5
"1367","Pakistan",2002,"PKHR21DT",1991,0.3125
"1368","Paraguay",2015,"PYHR21DT",1990,1
"1369","Paraguay",1999,"PYHR21DT",1990,1
"1370","Paraguay",1996,"PYHR21DT",1990,1
"1371","Paraguay",2011,"PYHR21DT",1990,1
"1372","Paraguay",2010,"PYHR21DT",1990,1
"1373","Paraguay",2013,"PYHR21DT",1990,1
"1374","Paraguay",2012,"PYHR21DT",1990,1
"1375","Paraguay",1993,"PYHR21DT",1990,1
"1376","Paraguay",2002,"PYHR21DT",1990,1
"1377","Paraguay",2005,"PYHR21DT",1990,1
"1378","Paraguay",2008,"PYHR21DT",1990,1
"1379","Peru",2015,"PEHR6IDT",2012,1
"1380","Peru",2013,"PEHR6IDT",2012,1
"1381","Peru",2002,"PEHR41DT",2000,0.6
"1382","Peru",1999,"PEHR31DT",1996,0.25
"1383","Peru",1993,"PEHR21DT",1992,0.75
"1384","Philippines",2015,"PHHR61DT",2013,0.5
"1385","Philippines",2010,"PHHR52DT",2008,0.6
"1386","Philippines",2012,"PHHR52DT",2008,0.2
"1387","Philippines",2011,"PHHR52DT",2008,0.4
"1388","Philippines",2005,"PHHR41DT",2003,0.6
"1389","Philippines",1999,"PHHR3BDT",1998,0.8
"1390","Philippines",2002,"PHHR3BDT",1998,0.2
"1391","Philippines",1996,"PHHR31DT",1993,0.4
"1392","Rwanda",2012,"RWHR61DT",2011,0.5
"1393","Rwanda",2010,"RWHR5ADT",2008,0.333333333333333
"1394","Rwanda",2002,"RWHR41DT",2000,0.6
"1395","Rwanda",1996,"RWHR21DT",1992,0.5
"1396","Rwanda",1993,"RWHR21DT",1992,0.875
"1397","Rwanda",1999,"RWHR21DT",1992,0.125
"1398","Sao Tome and Principe",2010,"STHR50DT",2009,1
"1399","Sao Tome and Principe",2015,"STHR50DT",2009,1
"1400","Sao Tome and Principe",2013,"STHR50DT",2009,1
"1401","Sao Tome and Principe",2011,"STHR50DT",2009,1
"1402","Sao Tome and Principe",2012,"STHR50DT",2009,1
"1403","Senegal",2012,"SNHR61DT",2011,0.5
"1404","Senegal",2010,"SNHR5HDT",2009,0.5
"1405","Senegal",2008,"SNHR50DT",2006,0.333333333333333
"1406","Senegal",2002,"SNHR41DT",1999,0.5
"1407","Senegal",1996,"SNHR21DT",1993,0.25
"1408","Sierra Leone",2015,"SLHR61DT",2013,0.333333333333333
"1409","Sierra Leone",2010,"SLHR51DT",2008,0.6
"1410","Sierra Leone",2011,"SLHR51DT",2008,0.4
"1411","Sierra Leone",2012,"SLHR51DT",2008,0.2
"1412","South Africa",2015,"ZAHR33DT",1998,0.0555555555555556
"1413","South Africa",2013,"ZAHR33DT",1998,0.166666666666667
"1414","South Africa",2002,"ZAHR33DT",1998,0.777777777777778
"1415","South Africa",1999,"ZAHR33DT",1998,0.944444444444444
"1416","South Africa",2010,"ZAHR33DT",1998,0.333333333333333
"1417","South Africa",2011,"ZAHR33DT",1998,0.277777777777778
"1418","South Africa",2005,"ZAHR33DT",1998,0.611111111111111
"1419","South Africa",2012,"ZAHR33DT",1998,0.222222222222222
"1420","South Africa",2008,"ZAHR33DT",1998,0.444444444444444
"1421","Tajikistan",2015,"TJHR61DT",2012,0.4
"1422","Tajikistan",2013,"TJHR61DT",2012,0.8
"1423","Tanzania",2015,"TZHR6ADT",2012,0.25
"1424","Tanzania",2013,"TZHR6ADT",2012,0.75
"1425","Tanzania",2011,"TZHR63DT",2010,0.5
"1426","Tanzania",2002,"TZHR41DT",1999,0.4
"1427","Tanzania",1993,"TZHR21DT",1992,0.75
"1428","Timor-Leste",2015,"TLHR61DT",2010,0.166666666666667
"1429","Timor-Leste",2011,"TLHR61DT",2010,0.833333333333333
"1430","Timor-Leste",2012,"TLHR61DT",2010,0.666666666666667
"1431","Timor-Leste",2013,"TLHR61DT",2010,0.5
"1432","Togo",2015,"TGHR61DT",2014,0.666666666666667
"1433","Togo",2012,"TGHR31DT",1998,0.125
"1434","Togo",2013,"TGHR31DT",1998,0.0625
"1435","Togo",1999,"TGHR31DT",1998,0.9375
"1436","Togo",2010,"TGHR31DT",1998,0.25
"1437","Togo",2005,"TGHR31DT",1998,0.5625
"1438","Togo",2002,"TGHR31DT",1998,0.75
"1439","Togo",2008,"TGHR31DT",1998,0.375
"1440","Togo",2011,"TGHR31DT",1998,0.1875
"1441","Turkey",2015,"TRHR61DT",2014,1
"1442","Turkey",2012,"TRHR51DT",2008,0.333333333333333
"1443","Turkey",2010,"TRHR51DT",2008,0.666666666666667
"1444","Turkey",2011,"TRHR51DT",2008,0.5
"1445","Turkey",2013,"TRHR51DT",2008,0.166666666666667
"1446","Turkey",2005,"TRHR4ADT",2004,0.75
"1447","Turkey",1999,"TRHR41DT",1998,0.833333333333333
"1448","Turkey",2002,"TRHR41DT",1998,0.333333333333333
"1449","Turkey",1996,"TRHR31DT",1993,0.4
"1450","Uganda",2013,"UGHR6ADT",2011,0.5
"1451","Uganda",2012,"UGHR6ADT",2011,0.75
"1452","Uganda",2008,"UGHR52DT",2006,0.5
"1453","Uganda",2005,"UGHR41DT",2001,0.2
"1454","Uganda",2002,"UGHR41DT",2001,0.8
"1455","Uganda",1999,"UGHR33DT",1995,0.333333333333333
"1456","Uganda",1996,"UGHR33DT",1995,0.833333333333333
"1457","Ukraine",2015,"UAHR51DT",2007,1
"1458","Ukraine",2013,"UAHR51DT",2007,1
"1459","Ukraine",2011,"UAHR51DT",2007,1
"1460","Ukraine",2010,"UAHR51DT",2007,1
"1461","Ukraine",2012,"UAHR51DT",2007,1
"1462","Ukraine",2008,"UAHR51DT",2007,1
"1463","Uzbekistan",1999,"UZHR31DT",1996,1
"1464","Uzbekistan",2002,"UZHR31DT",1996,1
"1465","Uzbekistan",2008,"UZHR31DT",1996,1
"1466","Uzbekistan",2013,"UZHR31DT",1996,1
"1467","Uzbekistan",2015,"UZHR31DT",1996,1
"1468","Uzbekistan",2011,"UZHR31DT",1996,1
"1469","Uzbekistan",2005,"UZHR31DT",1996,1
"1470","Uzbekistan",2010,"UZHR31DT",1996,1
"1471","Uzbekistan",2012,"UZHR31DT",1996,1
"1472","Vietnam",2008,"VNHR52DT",2005,1
"1473","Vietnam",2010,"VNHR52DT",2005,1
"1474","Vietnam",2012,"VNHR52DT",2005,1
"1475","Vietnam",2013,"VNHR52DT",2005,1
"1476","Vietnam",2015,"VNHR52DT",2005,1
"1477","Vietnam",2011,"VNHR52DT",2005,1
"1478","Vietnam",1999,"VNHR31DT",1997,0.6
"1479","Yemen, Republic of",2015,"YEHR61DT",2013,1
"1480","Yemen, Republic of",1996,"YEHR21DT",1992,0.80952380952381
"1481","Yemen, Republic of",2008,"YEHR21DT",1992,0.238095238095238
"1482","Yemen, Republic of",2002,"YEHR21DT",1992,0.523809523809524
"1483","Yemen, Republic of",1993,"YEHR21DT",1992,0.952380952380952
"1484","Yemen, Republic of",2012,"YEHR21DT",1992,0.0476190476190476
"1485","Yemen, Republic of",2010,"YEHR21DT",1992,0.142857142857143
"1486","Yemen, Republic of",1999,"YEHR21DT",1992,0.666666666666667
"1487","Yemen, Republic of",2011,"YEHR21DT",1992,0.0952380952380952
"1488","Yemen, Republic of",2005,"YEHR21DT",1992,0.380952380952381
"1489","Zambia",2015,"ZMHR61DT",2014,1
"1490","Zambia",2011,"ZMHR51DT",2007,0.428571428571429
"1491","Zambia",2010,"ZMHR51DT",2007,0.571428571428571
"1492","Zambia",2012,"ZMHR51DT",2007,0.285714285714286
"1493","Zambia",2008,"ZMHR51DT",2007,0.857142857142857
"1494","Zambia",2013,"ZMHR51DT",2007,0.142857142857143
"1495","Zambia",2005,"ZMHR42DT",2002,0.4
"1496","Zambia",1999,"ZMHR31DT",1997,0.6
"1497","Zambia",1993,"ZMHR21DT",1992,0.8
"1498","Zambia",1996,"ZMHR21DT",1992,0.2
"1499","Zimbabwe",2013,"ZWHR62DT",2011,0.5
"1500","Zimbabwe",2012,"ZWHR62DT",2011,0.75
"1501","Zimbabwe",2010,"ZWHR52DT",2006,0.2
"1502","Zimbabwe",2008,"ZWHR52DT",2006,0.6
"1503","Zimbabwe",2002,"ZWHR42DT",1999,0.571428571428571
"1504","Zimbabwe",2005,"ZWHR42DT",1999,0.142857142857143
"1505","Zimbabwe",1996,"ZWHR31DT",1994,0.6
